id,student_id,class_id,date,status
000088c3-8cab-9093-947b-000000009863,00001b6a-1f52-233a-2722-000000002b0a,00000dbe-11a6-158e-1976-000000001d5e,2026-03-02,present
000088ca-8cb2-909a-9482-00000000986a,00001b6a-1f52-233a-2722-000000002b0a,00000dbe-11a6-158e-1976-000000001d5e,2026-03-09,present
000088d1-8cb9-90a1-9489-000000009871,00001b6a-1f52-233a-2722-000000002b0a,00000dbe-11a6-158e-1976-000000001d5e,2026-03-16,present
000088d8-8cc0-90a8-9490-000000009878,00001b6a-1f52-233a-2722-000000002b0a,00000dbe-11a6-158e-1976-000000001d5e,2026-03-23,late
000088df-8cc7-90af-9497-00000000987f,00001b6a-1f52-233a-2722-000000002b0a,00000dbe-11a6-158e-1976-000000001d5e,2026-03-30,present
000088e6-8cce-90b6-949e-000000009886,00001b6a-1f52-233a-2722-000000002b0a,00000dbe-11a6-158e-1976-000000001d5e,2026-04-06,present
000088ed-8cd5-90bd-94a5-00000000988d,00001b6a-1f52-233a-2722-000000002b0a,00000dbe-11a6-158e-1976-000000001d5e,2026-04-13,present
000088f4-8cdc-90c4-94ac-000000009894,00001b6a-1f52-233a-2722-000000002b0a,00000dbe-11a6-158e-1976-000000001d5e,2026-04-20,present
000088fb-8ce3-90cb-94b3-00000000989b,00001b6a-1f52-233a-2722-000000002b0a,00000dbe-11a6-158e-1976-000000001d5e,2026-04-27,present
00008902-8cea-90d2-94ba-0000000098a2,00001b6a-1f52-233a-2722-000000002b0a,00000dbe-11a6-158e-1976-000000001d5e,2026-05-04,present
00008909-8cf1-90d9-94c1-0000000098a9,00001b6a-1f52-233a-2722-000000002b0a,00000dbe-11a6-158e-1976-000000001d5e,2026-05-11,present
00008910-8cf8-90e0-94c8-0000000098b0,00001b6a-1f52-233a-2722-000000002b0a,00000dbe-11a6-158e-1976-000000001d5e,2026-05-18,absent
00008917-8cff-90e7-94cf-0000000098b7,00001b71-1f59-2341-2729-000000002b11,00000dbe-11a6-158e-1976-000000001d5e,2026-03-02,present
0000891e-8d06-90ee-94d6-0000000098be,00001b71-1f59-2341-2729-000000002b11,00000dbe-11a6-158e-1976-000000001d5e,2026-03-09,late
00008925-8d0d-90f5-94dd-0000000098c5,00001b71-1f59-2341-2729-000000002b11,00000dbe-11a6-158e-1976-000000001d5e,2026-03-16,present
0000892c-8d14-90fc-94e4-0000000098cc,00001b71-1f59-2341-2729-000000002b11,00000dbe-11a6-158e-1976-000000001d5e,2026-03-23,present
00008933-8d1b-9103-94eb-0000000098d3,00001b71-1f59-2341-2729-000000002b11,00000dbe-11a6-158e-1976-000000001d5e,2026-03-30,present
0000893a-8d22-910a-94f2-0000000098da,00001b71-1f59-2341-2729-000000002b11,00000dbe-11a6-158e-1976-000000001d5e,2026-04-06,present
00008941-8d29-9111-94f9-0000000098e1,00001b71-1f59-2341-2729-000000002b11,00000dbe-11a6-158e-1976-000000001d5e,2026-04-13,present
00008948-8d30-9118-9500-0000000098e8,00001b71-1f59-2341-2729-000000002b11,00000dbe-11a6-158e-1976-000000001d5e,2026-04-20,present
0000894f-8d37-911f-9507-0000000098ef,00001b71-1f59-2341-2729-000000002b11,00000dbe-11a6-158e-1976-000000001d5e,2026-04-27,present
00008956-8d3e-9126-950e-0000000098f6,00001b71-1f59-2341-2729-000000002b11,00000dbe-11a6-158e-1976-000000001d5e,2026-05-04,present
0000895d-8d45-912d-9515-0000000098fd,00001b71-1f59-2341-2729-000000002b11,00000dbe-11a6-158e-1976-000000001d5e,2026-05-11,present
00008964-8d4c-9134-951c-000000009904,00001b71-1f59-2341-2729-000000002b11,00000dbe-11a6-158e-1976-000000001d5e,2026-05-18,late
0000896b-8d53-913b-9523-00000000990b,00001b78-1f60-2348-2730-000000002b18,00000dbe-11a6-158e-1976-000000001d5e,2026-03-02,late
00008972-8d5a-9142-952a-000000009912,00001b78-1f60-2348-2730-000000002b18,00000dbe-11a6-158e-1976-000000001d5e,2026-03-09,present
00008979-8d61-9149-9531-000000009919,00001b78-1f60-2348-2730-000000002b18,00000dbe-11a6-158e-1976-000000001d5e,2026-03-16,present
00008980-8d68-9150-9538-000000009920,00001b78-1f60-2348-2730-000000002b18,00000dbe-11a6-158e-1976-000000001d5e,2026-03-23,present
00008987-8d6f-9157-953f-000000009927,00001b78-1f60-2348-2730-000000002b18,00000dbe-11a6-158e-1976-000000001d5e,2026-03-30,late
0000898e-8d76-915e-9546-00000000992e,00001b78-1f60-2348-2730-000000002b18,00000dbe-11a6-158e-1976-000000001d5e,2026-04-06,late
00008995-8d7d-9165-954d-000000009935,00001b78-1f60-2348-2730-000000002b18,00000dbe-11a6-158e-1976-000000001d5e,2026-04-13,present
0000899c-8d84-916c-9554-00000000993c,00001b78-1f60-2348-2730-000000002b18,00000dbe-11a6-158e-1976-000000001d5e,2026-04-20,late
000089a3-8d8b-9173-955b-000000009943,00001b78-1f60-2348-2730-000000002b18,00000dbe-11a6-158e-1976-000000001d5e,2026-04-27,present
000089aa-8d92-917a-9562-00000000994a,00001b78-1f60-2348-2730-000000002b18,00000dbe-11a6-158e-1976-000000001d5e,2026-05-04,present
000089b1-8d99-9181-9569-000000009951,00001b78-1f60-2348-2730-000000002b18,00000dbe-11a6-158e-1976-000000001d5e,2026-05-11,present
000089b8-8da0-9188-9570-000000009958,00001b78-1f60-2348-2730-000000002b18,00000dbe-11a6-158e-1976-000000001d5e,2026-05-18,present
000089bf-8da7-918f-9577-00000000995f,00001b7f-1f67-234f-2737-000000002b1f,00000dbe-11a6-158e-1976-000000001d5e,2026-03-02,present
000089c6-8dae-9196-957e-000000009966,00001b7f-1f67-234f-2737-000000002b1f,00000dbe-11a6-158e-1976-000000001d5e,2026-03-09,absent
000089cd-8db5-919d-9585-00000000996d,00001b7f-1f67-234f-2737-000000002b1f,00000dbe-11a6-158e-1976-000000001d5e,2026-03-16,present
000089d4-8dbc-91a4-958c-000000009974,00001b7f-1f67-234f-2737-000000002b1f,00000dbe-11a6-158e-1976-000000001d5e,2026-03-23,present
000089db-8dc3-91ab-9593-00000000997b,00001b7f-1f67-234f-2737-000000002b1f,00000dbe-11a6-158e-1976-000000001d5e,2026-03-30,present
000089e2-8dca-91b2-959a-000000009982,00001b7f-1f67-234f-2737-000000002b1f,00000dbe-11a6-158e-1976-000000001d5e,2026-04-06,present
000089e9-8dd1-91b9-95a1-000000009989,00001b7f-1f67-234f-2737-000000002b1f,00000dbe-11a6-158e-1976-000000001d5e,2026-04-13,present
000089f0-8dd8-91c0-95a8-000000009990,00001b7f-1f67-234f-2737-000000002b1f,00000dbe-11a6-158e-1976-000000001d5e,2026-04-20,present
000089f7-8ddf-91c7-95af-000000009997,00001b7f-1f67-234f-2737-000000002b1f,00000dbe-11a6-158e-1976-000000001d5e,2026-04-27,present
000089fe-8de6-91ce-95b6-00000000999e,00001b7f-1f67-234f-2737-000000002b1f,00000dbe-11a6-158e-1976-000000001d5e,2026-05-04,late
00008a05-8ded-91d5-95bd-0000000099a5,00001b7f-1f67-234f-2737-000000002b1f,00000dbe-11a6-158e-1976-000000001d5e,2026-05-11,present
00008a0c-8df4-91dc-95c4-0000000099ac,00001b7f-1f67-234f-2737-000000002b1f,00000dbe-11a6-158e-1976-000000001d5e,2026-05-18,late
00008a13-8dfb-91e3-95cb-0000000099b3,00001b86-1f6e-2356-273e-000000002b26,00000dbe-11a6-158e-1976-000000001d5e,2026-03-02,present
00008a1a-8e02-91ea-95d2-0000000099ba,00001b86-1f6e-2356-273e-000000002b26,00000dbe-11a6-158e-1976-000000001d5e,2026-03-09,present
00008a21-8e09-91f1-95d9-0000000099c1,00001b86-1f6e-2356-273e-000000002b26,00000dbe-11a6-158e-1976-000000001d5e,2026-03-16,present
00008a28-8e10-91f8-95e0-0000000099c8,00001b86-1f6e-2356-273e-000000002b26,00000dbe-11a6-158e-1976-000000001d5e,2026-03-23,present
00008a2f-8e17-91ff-95e7-0000000099cf,00001b86-1f6e-2356-273e-000000002b26,00000dbe-11a6-158e-1976-000000001d5e,2026-03-30,present
00008a36-8e1e-9206-95ee-0000000099d6,00001b86-1f6e-2356-273e-000000002b26,00000dbe-11a6-158e-1976-000000001d5e,2026-04-06,present
00008a3d-8e25-920d-95f5-0000000099dd,00001b86-1f6e-2356-273e-000000002b26,00000dbe-11a6-158e-1976-000000001d5e,2026-04-13,late
00008a44-8e2c-9214-95fc-0000000099e4,00001b86-1f6e-2356-273e-000000002b26,00000dbe-11a6-158e-1976-000000001d5e,2026-04-20,present
00008a4b-8e33-921b-9603-0000000099eb,00001b86-1f6e-2356-273e-000000002b26,00000dbe-11a6-158e-1976-000000001d5e,2026-04-27,present
00008a52-8e3a-9222-960a-0000000099f2,00001b86-1f6e-2356-273e-000000002b26,00000dbe-11a6-158e-1976-000000001d5e,2026-05-04,present
00008a59-8e41-9229-9611-0000000099f9,00001b86-1f6e-2356-273e-000000002b26,00000dbe-11a6-158e-1976-000000001d5e,2026-05-11,present
00008a60-8e48-9230-9618-000000009a00,00001b86-1f6e-2356-273e-000000002b26,00000dbe-11a6-158e-1976-000000001d5e,2026-05-18,present
00008a67-8e4f-9237-961f-000000009a07,00001b8d-1f75-235d-2745-000000002b2d,00000dbe-11a6-158e-1976-000000001d5e,2026-03-02,present
00008a6e-8e56-923e-9626-000000009a0e,00001b8d-1f75-235d-2745-000000002b2d,00000dbe-11a6-158e-1976-000000001d5e,2026-03-09,present
00008a75-8e5d-9245-962d-000000009a15,00001b8d-1f75-235d-2745-000000002b2d,00000dbe-11a6-158e-1976-000000001d5e,2026-03-16,present
00008a7c-8e64-924c-9634-000000009a1c,00001b8d-1f75-235d-2745-000000002b2d,00000dbe-11a6-158e-1976-000000001d5e,2026-03-23,present
00008a83-8e6b-9253-963b-000000009a23,00001b8d-1f75-235d-2745-000000002b2d,00000dbe-11a6-158e-1976-000000001d5e,2026-03-30,late
00008a8a-8e72-925a-9642-000000009a2a,00001b8d-1f75-235d-2745-000000002b2d,00000dbe-11a6-158e-1976-000000001d5e,2026-04-06,present
00008a91-8e79-9261-9649-000000009a31,00001b8d-1f75-235d-2745-000000002b2d,00000dbe-11a6-158e-1976-000000001d5e,2026-04-13,absent
00008a98-8e80-9268-9650-000000009a38,00001b8d-1f75-235d-2745-000000002b2d,00000dbe-11a6-158e-1976-000000001d5e,2026-04-20,present
00008a9f-8e87-926f-9657-000000009a3f,00001b8d-1f75-235d-2745-000000002b2d,00000dbe-11a6-158e-1976-000000001d5e,2026-04-27,present
00008aa6-8e8e-9276-965e-000000009a46,00001b8d-1f75-235d-2745-000000002b2d,00000dbe-11a6-158e-1976-000000001d5e,2026-05-04,present
00008aad-8e95-927d-9665-000000009a4d,00001b8d-1f75-235d-2745-000000002b2d,00000dbe-11a6-158e-1976-000000001d5e,2026-05-11,present
00008ab4-8e9c-9284-966c-000000009a54,00001b8d-1f75-235d-2745-000000002b2d,00000dbe-11a6-158e-1976-000000001d5e,2026-05-18,present
00008abb-8ea3-928b-9673-000000009a5b,00001b94-1f7c-2364-274c-000000002b34,00000dbe-11a6-158e-1976-000000001d5e,2026-03-02,present
00008ac2-8eaa-9292-967a-000000009a62,00001b94-1f7c-2364-274c-000000002b34,00000dbe-11a6-158e-1976-000000001d5e,2026-03-09,present
00008ac9-8eb1-9299-9681-000000009a69,00001b94-1f7c-2364-274c-000000002b34,00000dbe-11a6-158e-1976-000000001d5e,2026-03-16,late
00008ad0-8eb8-92a0-9688-000000009a70,00001b94-1f7c-2364-274c-000000002b34,00000dbe-11a6-158e-1976-000000001d5e,2026-03-23,present
00008ad7-8ebf-92a7-968f-000000009a77,00001b94-1f7c-2364-274c-000000002b34,00000dbe-11a6-158e-1976-000000001d5e,2026-03-30,present
00008ade-8ec6-92ae-9696-000000009a7e,00001b94-1f7c-2364-274c-000000002b34,00000dbe-11a6-158e-1976-000000001d5e,2026-04-06,late
00008ae5-8ecd-92b5-969d-000000009a85,00001b94-1f7c-2364-274c-000000002b34,00000dbe-11a6-158e-1976-000000001d5e,2026-04-13,present
00008aec-8ed4-92bc-96a4-000000009a8c,00001b94-1f7c-2364-274c-000000002b34,00000dbe-11a6-158e-1976-000000001d5e,2026-04-20,late
00008af3-8edb-92c3-96ab-000000009a93,00001b94-1f7c-2364-274c-000000002b34,00000dbe-11a6-158e-1976-000000001d5e,2026-04-27,present
00008afa-8ee2-92ca-96b2-000000009a9a,00001b94-1f7c-2364-274c-000000002b34,00000dbe-11a6-158e-1976-000000001d5e,2026-05-04,present
00008b01-8ee9-92d1-96b9-000000009aa1,00001b94-1f7c-2364-274c-000000002b34,00000dbe-11a6-158e-1976-000000001d5e,2026-05-11,present
00008b08-8ef0-92d8-96c0-000000009aa8,00001b94-1f7c-2364-274c-000000002b34,00000dbe-11a6-158e-1976-000000001d5e,2026-05-18,present
00008b0f-8ef7-92df-96c7-000000009aaf,00001b9b-1f83-236b-2753-000000002b3b,00000dbe-11a6-158e-1976-000000001d5e,2026-03-02,present
00008b16-8efe-92e6-96ce-000000009ab6,00001b9b-1f83-236b-2753-000000002b3b,00000dbe-11a6-158e-1976-000000001d5e,2026-03-09,present
00008b1d-8f05-92ed-96d5-000000009abd,00001b9b-1f83-236b-2753-000000002b3b,00000dbe-11a6-158e-1976-000000001d5e,2026-03-16,present
00008b24-8f0c-92f4-96dc-000000009ac4,00001b9b-1f83-236b-2753-000000002b3b,00000dbe-11a6-158e-1976-000000001d5e,2026-03-23,present
00008b2b-8f13-92fb-96e3-000000009acb,00001b9b-1f83-236b-2753-000000002b3b,00000dbe-11a6-158e-1976-000000001d5e,2026-03-30,late
00008b32-8f1a-9302-96ea-000000009ad2,00001b9b-1f83-236b-2753-000000002b3b,00000dbe-11a6-158e-1976-000000001d5e,2026-04-06,present
00008b39-8f21-9309-96f1-000000009ad9,00001b9b-1f83-236b-2753-000000002b3b,00000dbe-11a6-158e-1976-000000001d5e,2026-04-13,absent
00008b40-8f28-9310-96f8-000000009ae0,00001b9b-1f83-236b-2753-000000002b3b,00000dbe-11a6-158e-1976-000000001d5e,2026-04-20,present
00008b47-8f2f-9317-96ff-000000009ae7,00001b9b-1f83-236b-2753-000000002b3b,00000dbe-11a6-158e-1976-000000001d5e,2026-04-27,late
00008b4e-8f36-931e-9706-000000009aee,00001b9b-1f83-236b-2753-000000002b3b,00000dbe-11a6-158e-1976-000000001d5e,2026-05-04,present
00008b55-8f3d-9325-970d-000000009af5,00001b9b-1f83-236b-2753-000000002b3b,00000dbe-11a6-158e-1976-000000001d5e,2026-05-11,present
00008b5c-8f44-932c-9714-000000009afc,00001b9b-1f83-236b-2753-000000002b3b,00000dbe-11a6-158e-1976-000000001d5e,2026-05-18,present
00008b63-8f4b-9333-971b-000000009b03,00001ba2-1f8a-2372-275a-000000002b42,00000dbe-11a6-158e-1976-000000001d5e,2026-03-02,present
00008b6a-8f52-933a-9722-000000009b0a,00001ba2-1f8a-2372-275a-000000002b42,00000dbe-11a6-158e-1976-000000001d5e,2026-03-09,late
00008b71-8f59-9341-9729-000000009b11,00001ba2-1f8a-2372-275a-000000002b42,00000dbe-11a6-158e-1976-000000001d5e,2026-03-16,present
00008b78-8f60-9348-9730-000000009b18,00001ba2-1f8a-2372-275a-000000002b42,00000dbe-11a6-158e-1976-000000001d5e,2026-03-23,present
00008b7f-8f67-934f-9737-000000009b1f,00001ba2-1f8a-2372-275a-000000002b42,00000dbe-11a6-158e-1976-000000001d5e,2026-03-30,late
00008b86-8f6e-9356-973e-000000009b26,00001ba2-1f8a-2372-275a-000000002b42,00000dbe-11a6-158e-1976-000000001d5e,2026-04-06,absent
00008b8d-8f75-935d-9745-000000009b2d,00001ba2-1f8a-2372-275a-000000002b42,00000dbe-11a6-158e-1976-000000001d5e,2026-04-13,present
00008b94-8f7c-9364-974c-000000009b34,00001ba2-1f8a-2372-275a-000000002b42,00000dbe-11a6-158e-1976-000000001d5e,2026-04-20,present
00008b9b-8f83-936b-9753-000000009b3b,00001ba2-1f8a-2372-275a-000000002b42,00000dbe-11a6-158e-1976-000000001d5e,2026-04-27,late
00008ba2-8f8a-9372-975a-000000009b42,00001ba2-1f8a-2372-275a-000000002b42,00000dbe-11a6-158e-1976-000000001d5e,2026-05-04,present
00008ba9-8f91-9379-9761-000000009b49,00001ba2-1f8a-2372-275a-000000002b42,00000dbe-11a6-158e-1976-000000001d5e,2026-05-11,present
00008bb0-8f98-9380-9768-000000009b50,00001ba2-1f8a-2372-275a-000000002b42,00000dbe-11a6-158e-1976-000000001d5e,2026-05-18,present
00008bb7-8f9f-9387-976f-000000009b57,00001ba9-1f91-2379-2761-000000002b49,00000dbe-11a6-158e-1976-000000001d5e,2026-03-02,present
00008bbe-8fa6-938e-9776-000000009b5e,00001ba9-1f91-2379-2761-000000002b49,00000dbe-11a6-158e-1976-000000001d5e,2026-03-09,present
00008bc5-8fad-9395-977d-000000009b65,00001ba9-1f91-2379-2761-000000002b49,00000dbe-11a6-158e-1976-000000001d5e,2026-03-16,present
00008bcc-8fb4-939c-9784-000000009b6c,00001ba9-1f91-2379-2761-000000002b49,00000dbe-11a6-158e-1976-000000001d5e,2026-03-23,present
00008bd3-8fbb-93a3-978b-000000009b73,00001ba9-1f91-2379-2761-000000002b49,00000dbe-11a6-158e-1976-000000001d5e,2026-03-30,absent
00008bda-8fc2-93aa-9792-000000009b7a,00001ba9-1f91-2379-2761-000000002b49,00000dbe-11a6-158e-1976-000000001d5e,2026-04-06,present
00008be1-8fc9-93b1-9799-000000009b81,00001ba9-1f91-2379-2761-000000002b49,00000dbe-11a6-158e-1976-000000001d5e,2026-04-13,present
00008be8-8fd0-93b8-97a0-000000009b88,00001ba9-1f91-2379-2761-000000002b49,00000dbe-11a6-158e-1976-000000001d5e,2026-04-20,present
00008bef-8fd7-93bf-97a7-000000009b8f,00001ba9-1f91-2379-2761-000000002b49,00000dbe-11a6-158e-1976-000000001d5e,2026-04-27,present
00008bf6-8fde-93c6-97ae-000000009b96,00001ba9-1f91-2379-2761-000000002b49,00000dbe-11a6-158e-1976-000000001d5e,2026-05-04,late
00008bfd-8fe5-93cd-97b5-000000009b9d,00001ba9-1f91-2379-2761-000000002b49,00000dbe-11a6-158e-1976-000000001d5e,2026-05-11,present
00008c04-8fec-93d4-97bc-000000009ba4,00001ba9-1f91-2379-2761-000000002b49,00000dbe-11a6-158e-1976-000000001d5e,2026-05-18,present
00008c0b-8ff3-93db-97c3-000000009bab,00001bb0-1f98-2380-2768-000000002b50,00000dbe-11a6-158e-1976-000000001d5e,2026-03-02,present
00008c12-8ffa-93e2-97ca-000000009bb2,00001bb0-1f98-2380-2768-000000002b50,00000dbe-11a6-158e-1976-000000001d5e,2026-03-09,present
00008c19-9001-93e9-97d1-000000009bb9,00001bb0-1f98-2380-2768-000000002b50,00000dbe-11a6-158e-1976-000000001d5e,2026-03-16,present
00008c20-9008-93f0-97d8-000000009bc0,00001bb0-1f98-2380-2768-000000002b50,00000dbe-11a6-158e-1976-000000001d5e,2026-03-23,present
00008c27-900f-93f7-97df-000000009bc7,00001bb0-1f98-2380-2768-000000002b50,00000dbe-11a6-158e-1976-000000001d5e,2026-03-30,present
00008c2e-9016-93fe-97e6-000000009bce,00001bb0-1f98-2380-2768-000000002b50,00000dbe-11a6-158e-1976-000000001d5e,2026-04-06,present
00008c35-901d-9405-97ed-000000009bd5,00001bb0-1f98-2380-2768-000000002b50,00000dbe-11a6-158e-1976-000000001d5e,2026-04-13,present
00008c3c-9024-940c-97f4-000000009bdc,00001bb0-1f98-2380-2768-000000002b50,00000dbe-11a6-158e-1976-000000001d5e,2026-04-20,late
00008c43-902b-9413-97fb-000000009be3,00001bb0-1f98-2380-2768-000000002b50,00000dbe-11a6-158e-1976-000000001d5e,2026-04-27,present
00008c4a-9032-941a-9802-000000009bea,00001bb0-1f98-2380-2768-000000002b50,00000dbe-11a6-158e-1976-000000001d5e,2026-05-04,present
00008c51-9039-9421-9809-000000009bf1,00001bb0-1f98-2380-2768-000000002b50,00000dbe-11a6-158e-1976-000000001d5e,2026-05-11,present
00008c58-9040-9428-9810-000000009bf8,00001bb0-1f98-2380-2768-000000002b50,00000dbe-11a6-158e-1976-000000001d5e,2026-05-18,present
00008c5f-9047-942f-9817-000000009bff,00001bb7-1f9f-2387-276f-000000002b57,00000dbe-11a6-158e-1976-000000001d5e,2026-03-02,present
00008c66-904e-9436-981e-000000009c06,00001bb7-1f9f-2387-276f-000000002b57,00000dbe-11a6-158e-1976-000000001d5e,2026-03-09,present
00008c6d-9055-943d-9825-000000009c0d,00001bb7-1f9f-2387-276f-000000002b57,00000dbe-11a6-158e-1976-000000001d5e,2026-03-16,absent
00008c74-905c-9444-982c-000000009c14,00001bb7-1f9f-2387-276f-000000002b57,00000dbe-11a6-158e-1976-000000001d5e,2026-03-23,present
00008c7b-9063-944b-9833-000000009c1b,00001bb7-1f9f-2387-276f-000000002b57,00000dbe-11a6-158e-1976-000000001d5e,2026-03-30,present
00008c82-906a-9452-983a-000000009c22,00001bb7-1f9f-2387-276f-000000002b57,00000dbe-11a6-158e-1976-000000001d5e,2026-04-06,present
00008c89-9071-9459-9841-000000009c29,00001bb7-1f9f-2387-276f-000000002b57,00000dbe-11a6-158e-1976-000000001d5e,2026-04-13,present
00008c90-9078-9460-9848-000000009c30,00001bb7-1f9f-2387-276f-000000002b57,00000dbe-11a6-158e-1976-000000001d5e,2026-04-20,present
00008c97-907f-9467-984f-000000009c37,00001bb7-1f9f-2387-276f-000000002b57,00000dbe-11a6-158e-1976-000000001d5e,2026-04-27,present
00008c9e-9086-946e-9856-000000009c3e,00001bb7-1f9f-2387-276f-000000002b57,00000dbe-11a6-158e-1976-000000001d5e,2026-05-04,present
00008ca5-908d-9475-985d-000000009c45,00001bb7-1f9f-2387-276f-000000002b57,00000dbe-11a6-158e-1976-000000001d5e,2026-05-11,present
00008cac-9094-947c-9864-000000009c4c,00001bb7-1f9f-2387-276f-000000002b57,00000dbe-11a6-158e-1976-000000001d5e,2026-05-18,present
00008cb3-909b-9483-986b-000000009c53,00001bbe-1fa6-238e-2776-000000002b5e,00000dbe-11a6-158e-1976-000000001d5e,2026-03-02,present
00008cba-90a2-948a-9872-000000009c5a,00001bbe-1fa6-238e-2776-000000002b5e,00000dbe-11a6-158e-1976-000000001d5e,2026-03-09,present
00008cc1-90a9-9491-9879-000000009c61,00001bbe-1fa6-238e-2776-000000002b5e,00000dbe-11a6-158e-1976-000000001d5e,2026-03-16,present
00008cc8-90b0-9498-9880-000000009c68,00001bbe-1fa6-238e-2776-000000002b5e,00000dbe-11a6-158e-1976-000000001d5e,2026-03-23,present
00008ccf-90b7-949f-9887-000000009c6f,00001bbe-1fa6-238e-2776-000000002b5e,00000dbe-11a6-158e-1976-000000001d5e,2026-03-30,present
00008cd6-90be-94a6-988e-000000009c76,00001bbe-1fa6-238e-2776-000000002b5e,00000dbe-11a6-158e-1976-000000001d5e,2026-04-06,present
00008cdd-90c5-94ad-9895-000000009c7d,00001bbe-1fa6-238e-2776-000000002b5e,00000dbe-11a6-158e-1976-000000001d5e,2026-04-13,late
00008ce4-90cc-94b4-989c-000000009c84,00001bbe-1fa6-238e-2776-000000002b5e,00000dbe-11a6-158e-1976-000000001d5e,2026-04-20,present
00008ceb-90d3-94bb-98a3-000000009c8b,00001bbe-1fa6-238e-2776-000000002b5e,00000dbe-11a6-158e-1976-000000001d5e,2026-04-27,present
00008cf2-90da-94c2-98aa-000000009c92,00001bbe-1fa6-238e-2776-000000002b5e,00000dbe-11a6-158e-1976-000000001d5e,2026-05-04,present
00008cf9-90e1-94c9-98b1-000000009c99,00001bbe-1fa6-238e-2776-000000002b5e,00000dbe-11a6-158e-1976-000000001d5e,2026-05-11,present
00008d00-90e8-94d0-98b8-000000009ca0,00001bbe-1fa6-238e-2776-000000002b5e,00000dbe-11a6-158e-1976-000000001d5e,2026-05-18,present
00008d07-90ef-94d7-98bf-000000009ca7,00001bc5-1fad-2395-277d-000000002b65,00000dbe-11a6-158e-1976-000000001d5e,2026-03-02,present
00008d0e-90f6-94de-98c6-000000009cae,00001bc5-1fad-2395-277d-000000002b65,00000dbe-11a6-158e-1976-000000001d5e,2026-03-09,late
00008d15-90fd-94e5-98cd-000000009cb5,00001bc5-1fad-2395-277d-000000002b65,00000dbe-11a6-158e-1976-000000001d5e,2026-03-16,present
00008d1c-9104-94ec-98d4-000000009cbc,00001bc5-1fad-2395-277d-000000002b65,00000dbe-11a6-158e-1976-000000001d5e,2026-03-23,present
00008d23-910b-94f3-98db-000000009cc3,00001bc5-1fad-2395-277d-000000002b65,00000dbe-11a6-158e-1976-000000001d5e,2026-03-30,late
00008d2a-9112-94fa-98e2-000000009cca,00001bc5-1fad-2395-277d-000000002b65,00000dbe-11a6-158e-1976-000000001d5e,2026-04-06,present
00008d31-9119-9501-98e9-000000009cd1,00001bc5-1fad-2395-277d-000000002b65,00000dbe-11a6-158e-1976-000000001d5e,2026-04-13,present
00008d38-9120-9508-98f0-000000009cd8,00001bc5-1fad-2395-277d-000000002b65,00000dbe-11a6-158e-1976-000000001d5e,2026-04-20,present
00008d3f-9127-950f-98f7-000000009cdf,00001bc5-1fad-2395-277d-000000002b65,00000dbe-11a6-158e-1976-000000001d5e,2026-04-27,present
00008d46-912e-9516-98fe-000000009ce6,00001bc5-1fad-2395-277d-000000002b65,00000dbe-11a6-158e-1976-000000001d5e,2026-05-04,present
00008d4d-9135-951d-9905-000000009ced,00001bc5-1fad-2395-277d-000000002b65,00000dbe-11a6-158e-1976-000000001d5e,2026-05-11,present
00008d54-913c-9524-990c-000000009cf4,00001bc5-1fad-2395-277d-000000002b65,00000dbe-11a6-158e-1976-000000001d5e,2026-05-18,absent
00008d5b-9143-952b-9913-000000009cfb,00001bcc-1fb4-239c-2784-000000002b6c,00000dbe-11a6-158e-1976-000000001d5e,2026-03-02,present
00008d62-914a-9532-991a-000000009d02,00001bcc-1fb4-239c-2784-000000002b6c,00000dbe-11a6-158e-1976-000000001d5e,2026-03-09,present
00008d69-9151-9539-9921-000000009d09,00001bcc-1fb4-239c-2784-000000002b6c,00000dbe-11a6-158e-1976-000000001d5e,2026-03-16,late
00008d70-9158-9540-9928-000000009d10,00001bcc-1fb4-239c-2784-000000002b6c,00000dbe-11a6-158e-1976-000000001d5e,2026-03-23,present
00008d77-915f-9547-992f-000000009d17,00001bcc-1fb4-239c-2784-000000002b6c,00000dbe-11a6-158e-1976-000000001d5e,2026-03-30,present
00008d7e-9166-954e-9936-000000009d1e,00001bcc-1fb4-239c-2784-000000002b6c,00000dbe-11a6-158e-1976-000000001d5e,2026-04-06,present
00008d85-916d-9555-993d-000000009d25,00001bcc-1fb4-239c-2784-000000002b6c,00000dbe-11a6-158e-1976-000000001d5e,2026-04-13,present
00008d8c-9174-955c-9944-000000009d2c,00001bcc-1fb4-239c-2784-000000002b6c,00000dbe-11a6-158e-1976-000000001d5e,2026-04-20,late
00008d93-917b-9563-994b-000000009d33,00001bcc-1fb4-239c-2784-000000002b6c,00000dbe-11a6-158e-1976-000000001d5e,2026-04-27,late
00008d9a-9182-956a-9952-000000009d3a,00001bcc-1fb4-239c-2784-000000002b6c,00000dbe-11a6-158e-1976-000000001d5e,2026-05-04,present
00008da1-9189-9571-9959-000000009d41,00001bcc-1fb4-239c-2784-000000002b6c,00000dbe-11a6-158e-1976-000000001d5e,2026-05-11,present
00008da8-9190-9578-9960-000000009d48,00001bcc-1fb4-239c-2784-000000002b6c,00000dbe-11a6-158e-1976-000000001d5e,2026-05-18,present
00008daf-9197-957f-9967-000000009d4f,00001bd3-1fbb-23a3-278b-000000002b73,00000dbe-11a6-158e-1976-000000001d5e,2026-03-02,present
00008db6-919e-9586-996e-000000009d56,00001bd3-1fbb-23a3-278b-000000002b73,00000dbe-11a6-158e-1976-000000001d5e,2026-03-09,present
00008dbd-91a5-958d-9975-000000009d5d,00001bd3-1fbb-23a3-278b-000000002b73,00000dbe-11a6-158e-1976-000000001d5e,2026-03-16,late
00008dc4-91ac-9594-997c-000000009d64,00001bd3-1fbb-23a3-278b-000000002b73,00000dbe-11a6-158e-1976-000000001d5e,2026-03-23,present
00008dcb-91b3-959b-9983-000000009d6b,00001bd3-1fbb-23a3-278b-000000002b73,00000dbe-11a6-158e-1976-000000001d5e,2026-03-30,present
00008dd2-91ba-95a2-998a-000000009d72,00001bd3-1fbb-23a3-278b-000000002b73,00000dbe-11a6-158e-1976-000000001d5e,2026-04-06,present
00008dd9-91c1-95a9-9991-000000009d79,00001bd3-1fbb-23a3-278b-000000002b73,00000dbe-11a6-158e-1976-000000001d5e,2026-04-13,present
00008de0-91c8-95b0-9998-000000009d80,00001bd3-1fbb-23a3-278b-000000002b73,00000dbe-11a6-158e-1976-000000001d5e,2026-04-20,present
00008de7-91cf-95b7-999f-000000009d87,00001bd3-1fbb-23a3-278b-000000002b73,00000dbe-11a6-158e-1976-000000001d5e,2026-04-27,late
00008dee-91d6-95be-99a6-000000009d8e,00001bd3-1fbb-23a3-278b-000000002b73,00000dbe-11a6-158e-1976-000000001d5e,2026-05-04,present
00008df5-91dd-95c5-99ad-000000009d95,00001bd3-1fbb-23a3-278b-000000002b73,00000dbe-11a6-158e-1976-000000001d5e,2026-05-11,late
00008dfc-91e4-95cc-99b4-000000009d9c,00001bd3-1fbb-23a3-278b-000000002b73,00000dbe-11a6-158e-1976-000000001d5e,2026-05-18,present
00008e03-91eb-95d3-99bb-000000009da3,00001bda-1fc2-23aa-2792-000000002b7a,00000dbe-11a6-158e-1976-000000001d5e,2026-03-02,present
00008e0a-91f2-95da-99c2-000000009daa,00001bda-1fc2-23aa-2792-000000002b7a,00000dbe-11a6-158e-1976-000000001d5e,2026-03-09,late
00008e11-91f9-95e1-99c9-000000009db1,00001bda-1fc2-23aa-2792-000000002b7a,00000dbe-11a6-158e-1976-000000001d5e,2026-03-16,present
00008e18-9200-95e8-99d0-000000009db8,00001bda-1fc2-23aa-2792-000000002b7a,00000dbe-11a6-158e-1976-000000001d5e,2026-03-23,present
00008e1f-9207-95ef-99d7-000000009dbf,00001bda-1fc2-23aa-2792-000000002b7a,00000dbe-11a6-158e-1976-000000001d5e,2026-03-30,late
00008e26-920e-95f6-99de-000000009dc6,00001bda-1fc2-23aa-2792-000000002b7a,00000dbe-11a6-158e-1976-000000001d5e,2026-04-06,present
00008e2d-9215-95fd-99e5-000000009dcd,00001bda-1fc2-23aa-2792-000000002b7a,00000dbe-11a6-158e-1976-000000001d5e,2026-04-13,late
00008e34-921c-9604-99ec-000000009dd4,00001bda-1fc2-23aa-2792-000000002b7a,00000dbe-11a6-158e-1976-000000001d5e,2026-04-20,present
00008e3b-9223-960b-99f3-000000009ddb,00001bda-1fc2-23aa-2792-000000002b7a,00000dbe-11a6-158e-1976-000000001d5e,2026-04-27,present
00008e42-922a-9612-99fa-000000009de2,00001bda-1fc2-23aa-2792-000000002b7a,00000dbe-11a6-158e-1976-000000001d5e,2026-05-04,present
00008e49-9231-9619-9a01-000000009de9,00001bda-1fc2-23aa-2792-000000002b7a,00000dbe-11a6-158e-1976-000000001d5e,2026-05-11,present
00008e50-9238-9620-9a08-000000009df0,00001bda-1fc2-23aa-2792-000000002b7a,00000dbe-11a6-158e-1976-000000001d5e,2026-05-18,present
00008e57-923f-9627-9a0f-000000009df7,00001be1-1fc9-23b1-2799-000000002b81,00000dbe-11a6-158e-1976-000000001d5e,2026-03-02,present
00008e5e-9246-962e-9a16-000000009dfe,00001be1-1fc9-23b1-2799-000000002b81,00000dbe-11a6-158e-1976-000000001d5e,2026-03-09,present
00008e65-924d-9635-9a1d-000000009e05,00001be1-1fc9-23b1-2799-000000002b81,00000dbe-11a6-158e-1976-000000001d5e,2026-03-16,present
00008e6c-9254-963c-9a24-000000009e0c,00001be1-1fc9-23b1-2799-000000002b81,00000dbe-11a6-158e-1976-000000001d5e,2026-03-23,present
00008e73-925b-9643-9a2b-000000009e13,00001be1-1fc9-23b1-2799-000000002b81,00000dbe-11a6-158e-1976-000000001d5e,2026-03-30,present
00008e7a-9262-964a-9a32-000000009e1a,00001be1-1fc9-23b1-2799-000000002b81,00000dbe-11a6-158e-1976-000000001d5e,2026-04-06,present
00008e81-9269-9651-9a39-000000009e21,00001be1-1fc9-23b1-2799-000000002b81,00000dbe-11a6-158e-1976-000000001d5e,2026-04-13,present
00008e88-9270-9658-9a40-000000009e28,00001be1-1fc9-23b1-2799-000000002b81,00000dbe-11a6-158e-1976-000000001d5e,2026-04-20,present
00008e8f-9277-965f-9a47-000000009e2f,00001be1-1fc9-23b1-2799-000000002b81,00000dbe-11a6-158e-1976-000000001d5e,2026-04-27,present
00008e96-927e-9666-9a4e-000000009e36,00001be1-1fc9-23b1-2799-000000002b81,00000dbe-11a6-158e-1976-000000001d5e,2026-05-04,late
00008e9d-9285-966d-9a55-000000009e3d,00001be1-1fc9-23b1-2799-000000002b81,00000dbe-11a6-158e-1976-000000001d5e,2026-05-11,present
00008ea4-928c-9674-9a5c-000000009e44,00001be1-1fc9-23b1-2799-000000002b81,00000dbe-11a6-158e-1976-000000001d5e,2026-05-18,present
00008eab-9293-967b-9a63-000000009e4b,00001be8-1fd0-23b8-27a0-000000002b88,00000dbe-11a6-158e-1976-000000001d5e,2026-03-02,present
00008eb2-929a-9682-9a6a-000000009e52,00001be8-1fd0-23b8-27a0-000000002b88,00000dbe-11a6-158e-1976-000000001d5e,2026-03-09,late
00008eb9-92a1-9689-9a71-000000009e59,00001be8-1fd0-23b8-27a0-000000002b88,00000dbe-11a6-158e-1976-000000001d5e,2026-03-16,present
00008ec0-92a8-9690-9a78-000000009e60,00001be8-1fd0-23b8-27a0-000000002b88,00000dbe-11a6-158e-1976-000000001d5e,2026-03-23,present
00008ec7-92af-9697-9a7f-000000009e67,00001be8-1fd0-23b8-27a0-000000002b88,00000dbe-11a6-158e-1976-000000001d5e,2026-03-30,present
00008ece-92b6-969e-9a86-000000009e6e,00001be8-1fd0-23b8-27a0-000000002b88,00000dbe-11a6-158e-1976-000000001d5e,2026-04-06,present
00008ed5-92bd-96a5-9a8d-000000009e75,00001be8-1fd0-23b8-27a0-000000002b88,00000dbe-11a6-158e-1976-000000001d5e,2026-04-13,present
00008edc-92c4-96ac-9a94-000000009e7c,00001be8-1fd0-23b8-27a0-000000002b88,00000dbe-11a6-158e-1976-000000001d5e,2026-04-20,present
00008ee3-92cb-96b3-9a9b-000000009e83,00001be8-1fd0-23b8-27a0-000000002b88,00000dbe-11a6-158e-1976-000000001d5e,2026-04-27,late
00008eea-92d2-96ba-9aa2-000000009e8a,00001be8-1fd0-23b8-27a0-000000002b88,00000dbe-11a6-158e-1976-000000001d5e,2026-05-04,present
00008ef1-92d9-96c1-9aa9-000000009e91,00001be8-1fd0-23b8-27a0-000000002b88,00000dbe-11a6-158e-1976-000000001d5e,2026-05-11,late
00008ef8-92e0-96c8-9ab0-000000009e98,00001be8-1fd0-23b8-27a0-000000002b88,00000dbe-11a6-158e-1976-000000001d5e,2026-05-18,present
00008eff-92e7-96cf-9ab7-000000009e9f,00001bef-1fd7-23bf-27a7-000000002b8f,00000dbe-11a6-158e-1976-000000001d5e,2026-03-02,absent
00008f06-92ee-96d6-9abe-000000009ea6,00001bef-1fd7-23bf-27a7-000000002b8f,00000dbe-11a6-158e-1976-000000001d5e,2026-03-09,present
00008f0d-92f5-96dd-9ac5-000000009ead,00001bef-1fd7-23bf-27a7-000000002b8f,00000dbe-11a6-158e-1976-000000001d5e,2026-03-16,absent
00008f14-92fc-96e4-9acc-000000009eb4,00001bef-1fd7-23bf-27a7-000000002b8f,00000dbe-11a6-158e-1976-000000001d5e,2026-03-23,present
00008f1b-9303-96eb-9ad3-000000009ebb,00001bef-1fd7-23bf-27a7-000000002b8f,00000dbe-11a6-158e-1976-000000001d5e,2026-03-30,present
00008f22-930a-96f2-9ada-000000009ec2,00001bef-1fd7-23bf-27a7-000000002b8f,00000dbe-11a6-158e-1976-000000001d5e,2026-04-06,present
00008f29-9311-96f9-9ae1-000000009ec9,00001bef-1fd7-23bf-27a7-000000002b8f,00000dbe-11a6-158e-1976-000000001d5e,2026-04-13,present
00008f30-9318-9700-9ae8-000000009ed0,00001bef-1fd7-23bf-27a7-000000002b8f,00000dbe-11a6-158e-1976-000000001d5e,2026-04-20,present
00008f37-931f-9707-9aef-000000009ed7,00001bef-1fd7-23bf-27a7-000000002b8f,00000dbe-11a6-158e-1976-000000001d5e,2026-04-27,absent
00008f3e-9326-970e-9af6-000000009ede,00001bef-1fd7-23bf-27a7-000000002b8f,00000dbe-11a6-158e-1976-000000001d5e,2026-05-04,present
00008f45-932d-9715-9afd-000000009ee5,00001bef-1fd7-23bf-27a7-000000002b8f,00000dbe-11a6-158e-1976-000000001d5e,2026-05-11,present
00008f4c-9334-971c-9b04-000000009eec,00001bef-1fd7-23bf-27a7-000000002b8f,00000dbe-11a6-158e-1976-000000001d5e,2026-05-18,late
00008f53-933b-9723-9b0b-000000009ef3,00001bf6-1fde-23c6-27ae-000000002b96,00000dc5-11ad-1595-197d-000000001d65,2026-03-05,present
00008f5a-9342-972a-9b12-000000009efa,00001bf6-1fde-23c6-27ae-000000002b96,00000dc5-11ad-1595-197d-000000001d65,2026-03-12,present
00008f61-9349-9731-9b19-000000009f01,00001bf6-1fde-23c6-27ae-000000002b96,00000dc5-11ad-1595-197d-000000001d65,2026-03-19,present
00008f68-9350-9738-9b20-000000009f08,00001bf6-1fde-23c6-27ae-000000002b96,00000dc5-11ad-1595-197d-000000001d65,2026-03-26,present
00008f6f-9357-973f-9b27-000000009f0f,00001bf6-1fde-23c6-27ae-000000002b96,00000dc5-11ad-1595-197d-000000001d65,2026-04-02,present
00008f76-935e-9746-9b2e-000000009f16,00001bf6-1fde-23c6-27ae-000000002b96,00000dc5-11ad-1595-197d-000000001d65,2026-04-09,present
00008f7d-9365-974d-9b35-000000009f1d,00001bf6-1fde-23c6-27ae-000000002b96,00000dc5-11ad-1595-197d-000000001d65,2026-04-16,present
00008f84-936c-9754-9b3c-000000009f24,00001bf6-1fde-23c6-27ae-000000002b96,00000dc5-11ad-1595-197d-000000001d65,2026-04-23,present
00008f8b-9373-975b-9b43-000000009f2b,00001bf6-1fde-23c6-27ae-000000002b96,00000dc5-11ad-1595-197d-000000001d65,2026-04-30,present
00008f92-937a-9762-9b4a-000000009f32,00001bf6-1fde-23c6-27ae-000000002b96,00000dc5-11ad-1595-197d-000000001d65,2026-05-07,present
00008f99-9381-9769-9b51-000000009f39,00001bf6-1fde-23c6-27ae-000000002b96,00000dc5-11ad-1595-197d-000000001d65,2026-05-14,present
00008fa0-9388-9770-9b58-000000009f40,00001bf6-1fde-23c6-27ae-000000002b96,00000dc5-11ad-1595-197d-000000001d65,2026-05-21,present
00008fa7-938f-9777-9b5f-000000009f47,00001bfd-1fe5-23cd-27b5-000000002b9d,00000dc5-11ad-1595-197d-000000001d65,2026-03-05,present
00008fae-9396-977e-9b66-000000009f4e,00001bfd-1fe5-23cd-27b5-000000002b9d,00000dc5-11ad-1595-197d-000000001d65,2026-03-12,present
00008fb5-939d-9785-9b6d-000000009f55,00001bfd-1fe5-23cd-27b5-000000002b9d,00000dc5-11ad-1595-197d-000000001d65,2026-03-19,late
00008fbc-93a4-978c-9b74-000000009f5c,00001bfd-1fe5-23cd-27b5-000000002b9d,00000dc5-11ad-1595-197d-000000001d65,2026-03-26,present
00008fc3-93ab-9793-9b7b-000000009f63,00001bfd-1fe5-23cd-27b5-000000002b9d,00000dc5-11ad-1595-197d-000000001d65,2026-04-02,present
00008fca-93b2-979a-9b82-000000009f6a,00001bfd-1fe5-23cd-27b5-000000002b9d,00000dc5-11ad-1595-197d-000000001d65,2026-04-09,absent
00008fd1-93b9-97a1-9b89-000000009f71,00001bfd-1fe5-23cd-27b5-000000002b9d,00000dc5-11ad-1595-197d-000000001d65,2026-04-16,present
00008fd8-93c0-97a8-9b90-000000009f78,00001bfd-1fe5-23cd-27b5-000000002b9d,00000dc5-11ad-1595-197d-000000001d65,2026-04-23,present
00008fdf-93c7-97af-9b97-000000009f7f,00001bfd-1fe5-23cd-27b5-000000002b9d,00000dc5-11ad-1595-197d-000000001d65,2026-04-30,present
00008fe6-93ce-97b6-9b9e-000000009f86,00001bfd-1fe5-23cd-27b5-000000002b9d,00000dc5-11ad-1595-197d-000000001d65,2026-05-07,late
00008fed-93d5-97bd-9ba5-000000009f8d,00001bfd-1fe5-23cd-27b5-000000002b9d,00000dc5-11ad-1595-197d-000000001d65,2026-05-14,present
00008ff4-93dc-97c4-9bac-000000009f94,00001bfd-1fe5-23cd-27b5-000000002b9d,00000dc5-11ad-1595-197d-000000001d65,2026-05-21,late
00008ffb-93e3-97cb-9bb3-000000009f9b,00001c04-1fec-23d4-27bc-000000002ba4,00000dc5-11ad-1595-197d-000000001d65,2026-03-05,present
00009002-93ea-97d2-9bba-000000009fa2,00001c04-1fec-23d4-27bc-000000002ba4,00000dc5-11ad-1595-197d-000000001d65,2026-03-12,present
00009009-93f1-97d9-9bc1-000000009fa9,00001c04-1fec-23d4-27bc-000000002ba4,00000dc5-11ad-1595-197d-000000001d65,2026-03-19,present
00009010-93f8-97e0-9bc8-000000009fb0,00001c04-1fec-23d4-27bc-000000002ba4,00000dc5-11ad-1595-197d-000000001d65,2026-03-26,present
00009017-93ff-97e7-9bcf-000000009fb7,00001c04-1fec-23d4-27bc-000000002ba4,00000dc5-11ad-1595-197d-000000001d65,2026-04-02,present
0000901e-9406-97ee-9bd6-000000009fbe,00001c04-1fec-23d4-27bc-000000002ba4,00000dc5-11ad-1595-197d-000000001d65,2026-04-09,present
00009025-940d-97f5-9bdd-000000009fc5,00001c04-1fec-23d4-27bc-000000002ba4,00000dc5-11ad-1595-197d-000000001d65,2026-04-16,present
0000902c-9414-97fc-9be4-000000009fcc,00001c04-1fec-23d4-27bc-000000002ba4,00000dc5-11ad-1595-197d-000000001d65,2026-04-23,late
00009033-941b-9803-9beb-000000009fd3,00001c04-1fec-23d4-27bc-000000002ba4,00000dc5-11ad-1595-197d-000000001d65,2026-04-30,present
0000903a-9422-980a-9bf2-000000009fda,00001c04-1fec-23d4-27bc-000000002ba4,00000dc5-11ad-1595-197d-000000001d65,2026-05-07,present
00009041-9429-9811-9bf9-000000009fe1,00001c04-1fec-23d4-27bc-000000002ba4,00000dc5-11ad-1595-197d-000000001d65,2026-05-14,present
00009048-9430-9818-9c00-000000009fe8,00001c04-1fec-23d4-27bc-000000002ba4,00000dc5-11ad-1595-197d-000000001d65,2026-05-21,present
0000904f-9437-981f-9c07-000000009fef,00001c0b-1ff3-23db-27c3-000000002bab,00000dc5-11ad-1595-197d-000000001d65,2026-03-05,present
00009056-943e-9826-9c0e-000000009ff6,00001c0b-1ff3-23db-27c3-000000002bab,00000dc5-11ad-1595-197d-000000001d65,2026-03-12,present
0000905d-9445-982d-9c15-000000009ffd,00001c0b-1ff3-23db-27c3-000000002bab,00000dc5-11ad-1595-197d-000000001d65,2026-03-19,present
00009064-944c-9834-9c1c-00000000a004,00001c0b-1ff3-23db-27c3-000000002bab,00000dc5-11ad-1595-197d-000000001d65,2026-03-26,present
0000906b-9453-983b-9c23-00000000a00b,00001c0b-1ff3-23db-27c3-000000002bab,00000dc5-11ad-1595-197d-000000001d65,2026-04-02,late
00009072-945a-9842-9c2a-00000000a012,00001c0b-1ff3-23db-27c3-000000002bab,00000dc5-11ad-1595-197d-000000001d65,2026-04-09,present
00009079-9461-9849-9c31-00000000a019,00001c0b-1ff3-23db-27c3-000000002bab,00000dc5-11ad-1595-197d-000000001d65,2026-04-16,present
00009080-9468-9850-9c38-00000000a020,00001c0b-1ff3-23db-27c3-000000002bab,00000dc5-11ad-1595-197d-000000001d65,2026-04-23,present
00009087-946f-9857-9c3f-00000000a027,00001c0b-1ff3-23db-27c3-000000002bab,00000dc5-11ad-1595-197d-000000001d65,2026-04-30,present
0000908e-9476-985e-9c46-00000000a02e,00001c0b-1ff3-23db-27c3-000000002bab,00000dc5-11ad-1595-197d-000000001d65,2026-05-07,late
00009095-947d-9865-9c4d-00000000a035,00001c0b-1ff3-23db-27c3-000000002bab,00000dc5-11ad-1595-197d-000000001d65,2026-05-14,present
0000909c-9484-986c-9c54-00000000a03c,00001c0b-1ff3-23db-27c3-000000002bab,00000dc5-11ad-1595-197d-000000001d65,2026-05-21,present
000090a3-948b-9873-9c5b-00000000a043,00001c12-1ffa-23e2-27ca-000000002bb2,00000dc5-11ad-1595-197d-000000001d65,2026-03-05,present
000090aa-9492-987a-9c62-00000000a04a,00001c12-1ffa-23e2-27ca-000000002bb2,00000dc5-11ad-1595-197d-000000001d65,2026-03-12,present
000090b1-9499-9881-9c69-00000000a051,00001c12-1ffa-23e2-27ca-000000002bb2,00000dc5-11ad-1595-197d-000000001d65,2026-03-19,present
000090b8-94a0-9888-9c70-00000000a058,00001c12-1ffa-23e2-27ca-000000002bb2,00000dc5-11ad-1595-197d-000000001d65,2026-03-26,absent
000090bf-94a7-988f-9c77-00000000a05f,00001c12-1ffa-23e2-27ca-000000002bb2,00000dc5-11ad-1595-197d-000000001d65,2026-04-02,present
000090c6-94ae-9896-9c7e-00000000a066,00001c12-1ffa-23e2-27ca-000000002bb2,00000dc5-11ad-1595-197d-000000001d65,2026-04-09,late
000090cd-94b5-989d-9c85-00000000a06d,00001c12-1ffa-23e2-27ca-000000002bb2,00000dc5-11ad-1595-197d-000000001d65,2026-04-16,present
000090d4-94bc-98a4-9c8c-00000000a074,00001c12-1ffa-23e2-27ca-000000002bb2,00000dc5-11ad-1595-197d-000000001d65,2026-04-23,present
000090db-94c3-98ab-9c93-00000000a07b,00001c12-1ffa-23e2-27ca-000000002bb2,00000dc5-11ad-1595-197d-000000001d65,2026-04-30,present
000090e2-94ca-98b2-9c9a-00000000a082,00001c12-1ffa-23e2-27ca-000000002bb2,00000dc5-11ad-1595-197d-000000001d65,2026-05-07,present
000090e9-94d1-98b9-9ca1-00000000a089,00001c12-1ffa-23e2-27ca-000000002bb2,00000dc5-11ad-1595-197d-000000001d65,2026-05-14,present
000090f0-94d8-98c0-9ca8-00000000a090,00001c12-1ffa-23e2-27ca-000000002bb2,00000dc5-11ad-1595-197d-000000001d65,2026-05-21,present
000090f7-94df-98c7-9caf-00000000a097,00001c19-2001-23e9-27d1-000000002bb9,00000dc5-11ad-1595-197d-000000001d65,2026-03-05,present
000090fe-94e6-98ce-9cb6-00000000a09e,00001c19-2001-23e9-27d1-000000002bb9,00000dc5-11ad-1595-197d-000000001d65,2026-03-12,late
00009105-94ed-98d5-9cbd-00000000a0a5,00001c19-2001-23e9-27d1-000000002bb9,00000dc5-11ad-1595-197d-000000001d65,2026-03-19,present
0000910c-94f4-98dc-9cc4-00000000a0ac,00001c19-2001-23e9-27d1-000000002bb9,00000dc5-11ad-1595-197d-000000001d65,2026-03-26,present
00009113-94fb-98e3-9ccb-00000000a0b3,00001c19-2001-23e9-27d1-000000002bb9,00000dc5-11ad-1595-197d-000000001d65,2026-04-02,absent
0000911a-9502-98ea-9cd2-00000000a0ba,00001c19-2001-23e9-27d1-000000002bb9,00000dc5-11ad-1595-197d-000000001d65,2026-04-09,present
00009121-9509-98f1-9cd9-00000000a0c1,00001c19-2001-23e9-27d1-000000002bb9,00000dc5-11ad-1595-197d-000000001d65,2026-04-16,present
00009128-9510-98f8-9ce0-00000000a0c8,00001c19-2001-23e9-27d1-000000002bb9,00000dc5-11ad-1595-197d-000000001d65,2026-04-23,present
0000912f-9517-98ff-9ce7-00000000a0cf,00001c19-2001-23e9-27d1-000000002bb9,00000dc5-11ad-1595-197d-000000001d65,2026-04-30,late
00009136-951e-9906-9cee-00000000a0d6,00001c19-2001-23e9-27d1-000000002bb9,00000dc5-11ad-1595-197d-000000001d65,2026-05-07,late
0000913d-9525-990d-9cf5-00000000a0dd,00001c19-2001-23e9-27d1-000000002bb9,00000dc5-11ad-1595-197d-000000001d65,2026-05-14,present
00009144-952c-9914-9cfc-00000000a0e4,00001c19-2001-23e9-27d1-000000002bb9,00000dc5-11ad-1595-197d-000000001d65,2026-05-21,present
0000914b-9533-991b-9d03-00000000a0eb,00001c20-2008-23f0-27d8-000000002bc0,00000dc5-11ad-1595-197d-000000001d65,2026-03-05,present
00009152-953a-9922-9d0a-00000000a0f2,00001c20-2008-23f0-27d8-000000002bc0,00000dc5-11ad-1595-197d-000000001d65,2026-03-12,present
00009159-9541-9929-9d11-00000000a0f9,00001c20-2008-23f0-27d8-000000002bc0,00000dc5-11ad-1595-197d-000000001d65,2026-03-19,present
00009160-9548-9930-9d18-00000000a100,00001c20-2008-23f0-27d8-000000002bc0,00000dc5-11ad-1595-197d-000000001d65,2026-03-26,present
00009167-954f-9937-9d1f-00000000a107,00001c20-2008-23f0-27d8-000000002bc0,00000dc5-11ad-1595-197d-000000001d65,2026-04-02,present
0000916e-9556-993e-9d26-00000000a10e,00001c20-2008-23f0-27d8-000000002bc0,00000dc5-11ad-1595-197d-000000001d65,2026-04-09,present
00009175-955d-9945-9d2d-00000000a115,00001c20-2008-23f0-27d8-000000002bc0,00000dc5-11ad-1595-197d-000000001d65,2026-04-16,present
0000917c-9564-994c-9d34-00000000a11c,00001c20-2008-23f0-27d8-000000002bc0,00000dc5-11ad-1595-197d-000000001d65,2026-04-23,present
00009183-956b-9953-9d3b-00000000a123,00001c20-2008-23f0-27d8-000000002bc0,00000dc5-11ad-1595-197d-000000001d65,2026-04-30,absent
0000918a-9572-995a-9d42-00000000a12a,00001c20-2008-23f0-27d8-000000002bc0,00000dc5-11ad-1595-197d-000000001d65,2026-05-07,late
00009191-9579-9961-9d49-00000000a131,00001c20-2008-23f0-27d8-000000002bc0,00000dc5-11ad-1595-197d-000000001d65,2026-05-14,present
00009198-9580-9968-9d50-00000000a138,00001c20-2008-23f0-27d8-000000002bc0,00000dc5-11ad-1595-197d-000000001d65,2026-05-21,present
0000919f-9587-996f-9d57-00000000a13f,00001c27-200f-23f7-27df-000000002bc7,00000dc5-11ad-1595-197d-000000001d65,2026-03-05,present
000091a6-958e-9976-9d5e-00000000a146,00001c27-200f-23f7-27df-000000002bc7,00000dc5-11ad-1595-197d-000000001d65,2026-03-12,present
000091ad-9595-997d-9d65-00000000a14d,00001c27-200f-23f7-27df-000000002bc7,00000dc5-11ad-1595-197d-000000001d65,2026-03-19,present
000091b4-959c-9984-9d6c-00000000a154,00001c27-200f-23f7-27df-000000002bc7,00000dc5-11ad-1595-197d-000000001d65,2026-03-26,late
000091bb-95a3-998b-9d73-00000000a15b,00001c27-200f-23f7-27df-000000002bc7,00000dc5-11ad-1595-197d-000000001d65,2026-04-02,absent
000091c2-95aa-9992-9d7a-00000000a162,00001c27-200f-23f7-27df-000000002bc7,00000dc5-11ad-1595-197d-000000001d65,2026-04-09,present
000091c9-95b1-9999-9d81-00000000a169,00001c27-200f-23f7-27df-000000002bc7,00000dc5-11ad-1595-197d-000000001d65,2026-04-16,late
000091d0-95b8-99a0-9d88-00000000a170,00001c27-200f-23f7-27df-000000002bc7,00000dc5-11ad-1595-197d-000000001d65,2026-04-23,present
000091d7-95bf-99a7-9d8f-00000000a177,00001c27-200f-23f7-27df-000000002bc7,00000dc5-11ad-1595-197d-000000001d65,2026-04-30,present
000091de-95c6-99ae-9d96-00000000a17e,00001c27-200f-23f7-27df-000000002bc7,00000dc5-11ad-1595-197d-000000001d65,2026-05-07,late
000091e5-95cd-99b5-9d9d-00000000a185,00001c27-200f-23f7-27df-000000002bc7,00000dc5-11ad-1595-197d-000000001d65,2026-05-14,present
000091ec-95d4-99bc-9da4-00000000a18c,00001c27-200f-23f7-27df-000000002bc7,00000dc5-11ad-1595-197d-000000001d65,2026-05-21,absent
000091f3-95db-99c3-9dab-00000000a193,00001c2e-2016-23fe-27e6-000000002bce,00000dc5-11ad-1595-197d-000000001d65,2026-03-05,present
000091fa-95e2-99ca-9db2-00000000a19a,00001c2e-2016-23fe-27e6-000000002bce,00000dc5-11ad-1595-197d-000000001d65,2026-03-12,present
00009201-95e9-99d1-9db9-00000000a1a1,00001c2e-2016-23fe-27e6-000000002bce,00000dc5-11ad-1595-197d-000000001d65,2026-03-19,present
00009208-95f0-99d8-9dc0-00000000a1a8,00001c2e-2016-23fe-27e6-000000002bce,00000dc5-11ad-1595-197d-000000001d65,2026-03-26,present
0000920f-95f7-99df-9dc7-00000000a1af,00001c2e-2016-23fe-27e6-000000002bce,00000dc5-11ad-1595-197d-000000001d65,2026-04-02,present
00009216-95fe-99e6-9dce-00000000a1b6,00001c2e-2016-23fe-27e6-000000002bce,00000dc5-11ad-1595-197d-000000001d65,2026-04-09,absent
0000921d-9605-99ed-9dd5-00000000a1bd,00001c2e-2016-23fe-27e6-000000002bce,00000dc5-11ad-1595-197d-000000001d65,2026-04-16,present
00009224-960c-99f4-9ddc-00000000a1c4,00001c2e-2016-23fe-27e6-000000002bce,00000dc5-11ad-1595-197d-000000001d65,2026-04-23,present
0000922b-9613-99fb-9de3-00000000a1cb,00001c2e-2016-23fe-27e6-000000002bce,00000dc5-11ad-1595-197d-000000001d65,2026-04-30,present
00009232-961a-9a02-9dea-00000000a1d2,00001c2e-2016-23fe-27e6-000000002bce,00000dc5-11ad-1595-197d-000000001d65,2026-05-07,present
00009239-9621-9a09-9df1-00000000a1d9,00001c2e-2016-23fe-27e6-000000002bce,00000dc5-11ad-1595-197d-000000001d65,2026-05-14,present
00009240-9628-9a10-9df8-00000000a1e0,00001c2e-2016-23fe-27e6-000000002bce,00000dc5-11ad-1595-197d-000000001d65,2026-05-21,absent
00009247-962f-9a17-9dff-00000000a1e7,00001c35-201d-2405-27ed-000000002bd5,00000dc5-11ad-1595-197d-000000001d65,2026-03-05,present
0000924e-9636-9a1e-9e06-00000000a1ee,00001c35-201d-2405-27ed-000000002bd5,00000dc5-11ad-1595-197d-000000001d65,2026-03-12,late
00009255-963d-9a25-9e0d-00000000a1f5,00001c35-201d-2405-27ed-000000002bd5,00000dc5-11ad-1595-197d-000000001d65,2026-03-19,present
0000925c-9644-9a2c-9e14-00000000a1fc,00001c35-201d-2405-27ed-000000002bd5,00000dc5-11ad-1595-197d-000000001d65,2026-03-26,present
00009263-964b-9a33-9e1b-00000000a203,00001c35-201d-2405-27ed-000000002bd5,00000dc5-11ad-1595-197d-000000001d65,2026-04-02,present
0000926a-9652-9a3a-9e22-00000000a20a,00001c35-201d-2405-27ed-000000002bd5,00000dc5-11ad-1595-197d-000000001d65,2026-04-09,present
00009271-9659-9a41-9e29-00000000a211,00001c35-201d-2405-27ed-000000002bd5,00000dc5-11ad-1595-197d-000000001d65,2026-04-16,present
00009278-9660-9a48-9e30-00000000a218,00001c35-201d-2405-27ed-000000002bd5,00000dc5-11ad-1595-197d-000000001d65,2026-04-23,present
0000927f-9667-9a4f-9e37-00000000a21f,00001c35-201d-2405-27ed-000000002bd5,00000dc5-11ad-1595-197d-000000001d65,2026-04-30,present
00009286-966e-9a56-9e3e-00000000a226,00001c35-201d-2405-27ed-000000002bd5,00000dc5-11ad-1595-197d-000000001d65,2026-05-07,present
0000928d-9675-9a5d-9e45-00000000a22d,00001c35-201d-2405-27ed-000000002bd5,00000dc5-11ad-1595-197d-000000001d65,2026-05-14,late
00009294-967c-9a64-9e4c-00000000a234,00001c35-201d-2405-27ed-000000002bd5,00000dc5-11ad-1595-197d-000000001d65,2026-05-21,present
0000929b-9683-9a6b-9e53-00000000a23b,00001c3c-2024-240c-27f4-000000002bdc,00000dc5-11ad-1595-197d-000000001d65,2026-03-05,present
000092a2-968a-9a72-9e5a-00000000a242,00001c3c-2024-240c-27f4-000000002bdc,00000dc5-11ad-1595-197d-000000001d65,2026-03-12,present
000092a9-9691-9a79-9e61-00000000a249,00001c3c-2024-240c-27f4-000000002bdc,00000dc5-11ad-1595-197d-000000001d65,2026-03-19,present
000092b0-9698-9a80-9e68-00000000a250,00001c3c-2024-240c-27f4-000000002bdc,00000dc5-11ad-1595-197d-000000001d65,2026-03-26,present
000092b7-969f-9a87-9e6f-00000000a257,00001c3c-2024-240c-27f4-000000002bdc,00000dc5-11ad-1595-197d-000000001d65,2026-04-02,late
000092be-96a6-9a8e-9e76-00000000a25e,00001c3c-2024-240c-27f4-000000002bdc,00000dc5-11ad-1595-197d-000000001d65,2026-04-09,present
000092c5-96ad-9a95-9e7d-00000000a265,00001c3c-2024-240c-27f4-000000002bdc,00000dc5-11ad-1595-197d-000000001d65,2026-04-16,present
000092cc-96b4-9a9c-9e84-00000000a26c,00001c3c-2024-240c-27f4-000000002bdc,00000dc5-11ad-1595-197d-000000001d65,2026-04-23,present
000092d3-96bb-9aa3-9e8b-00000000a273,00001c3c-2024-240c-27f4-000000002bdc,00000dc5-11ad-1595-197d-000000001d65,2026-04-30,present
000092da-96c2-9aaa-9e92-00000000a27a,00001c3c-2024-240c-27f4-000000002bdc,00000dc5-11ad-1595-197d-000000001d65,2026-05-07,present
000092e1-96c9-9ab1-9e99-00000000a281,00001c3c-2024-240c-27f4-000000002bdc,00000dc5-11ad-1595-197d-000000001d65,2026-05-14,present
000092e8-96d0-9ab8-9ea0-00000000a288,00001c3c-2024-240c-27f4-000000002bdc,00000dc5-11ad-1595-197d-000000001d65,2026-05-21,late
000092ef-96d7-9abf-9ea7-00000000a28f,00001c43-202b-2413-27fb-000000002be3,00000dc5-11ad-1595-197d-000000001d65,2026-03-05,late
000092f6-96de-9ac6-9eae-00000000a296,00001c43-202b-2413-27fb-000000002be3,00000dc5-11ad-1595-197d-000000001d65,2026-03-12,present
000092fd-96e5-9acd-9eb5-00000000a29d,00001c43-202b-2413-27fb-000000002be3,00000dc5-11ad-1595-197d-000000001d65,2026-03-19,present
00009304-96ec-9ad4-9ebc-00000000a2a4,00001c43-202b-2413-27fb-000000002be3,00000dc5-11ad-1595-197d-000000001d65,2026-03-26,absent
0000930b-96f3-9adb-9ec3-00000000a2ab,00001c43-202b-2413-27fb-000000002be3,00000dc5-11ad-1595-197d-000000001d65,2026-04-02,present
00009312-96fa-9ae2-9eca-00000000a2b2,00001c43-202b-2413-27fb-000000002be3,00000dc5-11ad-1595-197d-000000001d65,2026-04-09,present
00009319-9701-9ae9-9ed1-00000000a2b9,00001c43-202b-2413-27fb-000000002be3,00000dc5-11ad-1595-197d-000000001d65,2026-04-16,present
00009320-9708-9af0-9ed8-00000000a2c0,00001c43-202b-2413-27fb-000000002be3,00000dc5-11ad-1595-197d-000000001d65,2026-04-23,present
00009327-970f-9af7-9edf-00000000a2c7,00001c43-202b-2413-27fb-000000002be3,00000dc5-11ad-1595-197d-000000001d65,2026-04-30,absent
0000932e-9716-9afe-9ee6-00000000a2ce,00001c43-202b-2413-27fb-000000002be3,00000dc5-11ad-1595-197d-000000001d65,2026-05-07,present
00009335-971d-9b05-9eed-00000000a2d5,00001c43-202b-2413-27fb-000000002be3,00000dc5-11ad-1595-197d-000000001d65,2026-05-14,present
0000933c-9724-9b0c-9ef4-00000000a2dc,00001c43-202b-2413-27fb-000000002be3,00000dc5-11ad-1595-197d-000000001d65,2026-05-21,present
00009343-972b-9b13-9efb-00000000a2e3,00001c4a-2032-241a-2802-000000002bea,00000dc5-11ad-1595-197d-000000001d65,2026-03-05,late
0000934a-9732-9b1a-9f02-00000000a2ea,00001c4a-2032-241a-2802-000000002bea,00000dc5-11ad-1595-197d-000000001d65,2026-03-12,present
00009351-9739-9b21-9f09-00000000a2f1,00001c4a-2032-241a-2802-000000002bea,00000dc5-11ad-1595-197d-000000001d65,2026-03-19,late
00009358-9740-9b28-9f10-00000000a2f8,00001c4a-2032-241a-2802-000000002bea,00000dc5-11ad-1595-197d-000000001d65,2026-03-26,absent
0000935f-9747-9b2f-9f17-00000000a2ff,00001c4a-2032-241a-2802-000000002bea,00000dc5-11ad-1595-197d-000000001d65,2026-04-02,present
00009366-974e-9b36-9f1e-00000000a306,00001c4a-2032-241a-2802-000000002bea,00000dc5-11ad-1595-197d-000000001d65,2026-04-09,late
0000936d-9755-9b3d-9f25-00000000a30d,00001c4a-2032-241a-2802-000000002bea,00000dc5-11ad-1595-197d-000000001d65,2026-04-16,present
00009374-975c-9b44-9f2c-00000000a314,00001c4a-2032-241a-2802-000000002bea,00000dc5-11ad-1595-197d-000000001d65,2026-04-23,present
0000937b-9763-9b4b-9f33-00000000a31b,00001c4a-2032-241a-2802-000000002bea,00000dc5-11ad-1595-197d-000000001d65,2026-04-30,present
00009382-976a-9b52-9f3a-00000000a322,00001c4a-2032-241a-2802-000000002bea,00000dc5-11ad-1595-197d-000000001d65,2026-05-07,present
00009389-9771-9b59-9f41-00000000a329,00001c4a-2032-241a-2802-000000002bea,00000dc5-11ad-1595-197d-000000001d65,2026-05-14,present
00009390-9778-9b60-9f48-00000000a330,00001c4a-2032-241a-2802-000000002bea,00000dc5-11ad-1595-197d-000000001d65,2026-05-21,present
00009397-977f-9b67-9f4f-00000000a337,00001c51-2039-2421-2809-000000002bf1,00000dc5-11ad-1595-197d-000000001d65,2026-03-05,present
0000939e-9786-9b6e-9f56-00000000a33e,00001c51-2039-2421-2809-000000002bf1,00000dc5-11ad-1595-197d-000000001d65,2026-03-12,late
000093a5-978d-9b75-9f5d-00000000a345,00001c51-2039-2421-2809-000000002bf1,00000dc5-11ad-1595-197d-000000001d65,2026-03-19,late
000093ac-9794-9b7c-9f64-00000000a34c,00001c51-2039-2421-2809-000000002bf1,00000dc5-11ad-1595-197d-000000001d65,2026-03-26,present
000093b3-979b-9b83-9f6b-00000000a353,00001c51-2039-2421-2809-000000002bf1,00000dc5-11ad-1595-197d-000000001d65,2026-04-02,present
000093ba-97a2-9b8a-9f72-00000000a35a,00001c51-2039-2421-2809-000000002bf1,00000dc5-11ad-1595-197d-000000001d65,2026-04-09,present
000093c1-97a9-9b91-9f79-00000000a361,00001c51-2039-2421-2809-000000002bf1,00000dc5-11ad-1595-197d-000000001d65,2026-04-16,present
000093c8-97b0-9b98-9f80-00000000a368,00001c51-2039-2421-2809-000000002bf1,00000dc5-11ad-1595-197d-000000001d65,2026-04-23,present
000093cf-97b7-9b9f-9f87-00000000a36f,00001c51-2039-2421-2809-000000002bf1,00000dc5-11ad-1595-197d-000000001d65,2026-04-30,present
000093d6-97be-9ba6-9f8e-00000000a376,00001c51-2039-2421-2809-000000002bf1,00000dc5-11ad-1595-197d-000000001d65,2026-05-07,present
000093dd-97c5-9bad-9f95-00000000a37d,00001c51-2039-2421-2809-000000002bf1,00000dc5-11ad-1595-197d-000000001d65,2026-05-14,present
000093e4-97cc-9bb4-9f9c-00000000a384,00001c51-2039-2421-2809-000000002bf1,00000dc5-11ad-1595-197d-000000001d65,2026-05-21,present
000093eb-97d3-9bbb-9fa3-00000000a38b,00001c58-2040-2428-2810-000000002bf8,00000dc5-11ad-1595-197d-000000001d65,2026-03-05,present
000093f2-97da-9bc2-9faa-00000000a392,00001c58-2040-2428-2810-000000002bf8,00000dc5-11ad-1595-197d-000000001d65,2026-03-12,present
000093f9-97e1-9bc9-9fb1-00000000a399,00001c58-2040-2428-2810-000000002bf8,00000dc5-11ad-1595-197d-000000001d65,2026-03-19,absent
00009400-97e8-9bd0-9fb8-00000000a3a0,00001c58-2040-2428-2810-000000002bf8,00000dc5-11ad-1595-197d-000000001d65,2026-03-26,present
00009407-97ef-9bd7-9fbf-00000000a3a7,00001c58-2040-2428-2810-000000002bf8,00000dc5-11ad-1595-197d-000000001d65,2026-04-02,present
0000940e-97f6-9bde-9fc6-00000000a3ae,00001c58-2040-2428-2810-000000002bf8,00000dc5-11ad-1595-197d-000000001d65,2026-04-09,late
00009415-97fd-9be5-9fcd-00000000a3b5,00001c58-2040-2428-2810-000000002bf8,00000dc5-11ad-1595-197d-000000001d65,2026-04-16,present
0000941c-9804-9bec-9fd4-00000000a3bc,00001c58-2040-2428-2810-000000002bf8,00000dc5-11ad-1595-197d-000000001d65,2026-04-23,present
00009423-980b-9bf3-9fdb-00000000a3c3,00001c58-2040-2428-2810-000000002bf8,00000dc5-11ad-1595-197d-000000001d65,2026-04-30,present
0000942a-9812-9bfa-9fe2-00000000a3ca,00001c58-2040-2428-2810-000000002bf8,00000dc5-11ad-1595-197d-000000001d65,2026-05-07,present
00009431-9819-9c01-9fe9-00000000a3d1,00001c58-2040-2428-2810-000000002bf8,00000dc5-11ad-1595-197d-000000001d65,2026-05-14,present
00009438-9820-9c08-9ff0-00000000a3d8,00001c58-2040-2428-2810-000000002bf8,00000dc5-11ad-1595-197d-000000001d65,2026-05-21,present
0000943f-9827-9c0f-9ff7-00000000a3df,00001c5f-2047-242f-2817-000000002bff,00000dc5-11ad-1595-197d-000000001d65,2026-03-05,late
00009446-982e-9c16-9ffe-00000000a3e6,00001c5f-2047-242f-2817-000000002bff,00000dc5-11ad-1595-197d-000000001d65,2026-03-12,present
0000944d-9835-9c1d-a005-00000000a3ed,00001c5f-2047-242f-2817-000000002bff,00000dc5-11ad-1595-197d-000000001d65,2026-03-19,present
00009454-983c-9c24-a00c-00000000a3f4,00001c5f-2047-242f-2817-000000002bff,00000dc5-11ad-1595-197d-000000001d65,2026-03-26,present
0000945b-9843-9c2b-a013-00000000a3fb,00001c5f-2047-242f-2817-000000002bff,00000dc5-11ad-1595-197d-000000001d65,2026-04-02,present
00009462-984a-9c32-a01a-00000000a402,00001c5f-2047-242f-2817-000000002bff,00000dc5-11ad-1595-197d-000000001d65,2026-04-09,late
00009469-9851-9c39-a021-00000000a409,00001c5f-2047-242f-2817-000000002bff,00000dc5-11ad-1595-197d-000000001d65,2026-04-16,present
00009470-9858-9c40-a028-00000000a410,00001c5f-2047-242f-2817-000000002bff,00000dc5-11ad-1595-197d-000000001d65,2026-04-23,late
00009477-985f-9c47-a02f-00000000a417,00001c5f-2047-242f-2817-000000002bff,00000dc5-11ad-1595-197d-000000001d65,2026-04-30,absent
0000947e-9866-9c4e-a036-00000000a41e,00001c5f-2047-242f-2817-000000002bff,00000dc5-11ad-1595-197d-000000001d65,2026-05-07,present
00009485-986d-9c55-a03d-00000000a425,00001c5f-2047-242f-2817-000000002bff,00000dc5-11ad-1595-197d-000000001d65,2026-05-14,present
0000948c-9874-9c5c-a044-00000000a42c,00001c5f-2047-242f-2817-000000002bff,00000dc5-11ad-1595-197d-000000001d65,2026-05-21,late
00009493-987b-9c63-a04b-00000000a433,00001c66-204e-2436-281e-000000002c06,00000dc5-11ad-1595-197d-000000001d65,2026-03-05,present
0000949a-9882-9c6a-a052-00000000a43a,00001c66-204e-2436-281e-000000002c06,00000dc5-11ad-1595-197d-000000001d65,2026-03-12,present
000094a1-9889-9c71-a059-00000000a441,00001c66-204e-2436-281e-000000002c06,00000dc5-11ad-1595-197d-000000001d65,2026-03-19,present
000094a8-9890-9c78-a060-00000000a448,00001c66-204e-2436-281e-000000002c06,00000dc5-11ad-1595-197d-000000001d65,2026-03-26,present
000094af-9897-9c7f-a067-00000000a44f,00001c66-204e-2436-281e-000000002c06,00000dc5-11ad-1595-197d-000000001d65,2026-04-02,present
000094b6-989e-9c86-a06e-00000000a456,00001c66-204e-2436-281e-000000002c06,00000dc5-11ad-1595-197d-000000001d65,2026-04-09,absent
000094bd-98a5-9c8d-a075-00000000a45d,00001c66-204e-2436-281e-000000002c06,00000dc5-11ad-1595-197d-000000001d65,2026-04-16,present
000094c4-98ac-9c94-a07c-00000000a464,00001c66-204e-2436-281e-000000002c06,00000dc5-11ad-1595-197d-000000001d65,2026-04-23,present
000094cb-98b3-9c9b-a083-00000000a46b,00001c66-204e-2436-281e-000000002c06,00000dc5-11ad-1595-197d-000000001d65,2026-04-30,present
000094d2-98ba-9ca2-a08a-00000000a472,00001c66-204e-2436-281e-000000002c06,00000dc5-11ad-1595-197d-000000001d65,2026-05-07,present
000094d9-98c1-9ca9-a091-00000000a479,00001c66-204e-2436-281e-000000002c06,00000dc5-11ad-1595-197d-000000001d65,2026-05-14,present
000094e0-98c8-9cb0-a098-00000000a480,00001c66-204e-2436-281e-000000002c06,00000dc5-11ad-1595-197d-000000001d65,2026-05-21,late
000094e7-98cf-9cb7-a09f-00000000a487,00001c6d-2055-243d-2825-000000002c0d,00000dc5-11ad-1595-197d-000000001d65,2026-03-05,late
000094ee-98d6-9cbe-a0a6-00000000a48e,00001c6d-2055-243d-2825-000000002c0d,00000dc5-11ad-1595-197d-000000001d65,2026-03-12,present
000094f5-98dd-9cc5-a0ad-00000000a495,00001c6d-2055-243d-2825-000000002c0d,00000dc5-11ad-1595-197d-000000001d65,2026-03-19,present
000094fc-98e4-9ccc-a0b4-00000000a49c,00001c6d-2055-243d-2825-000000002c0d,00000dc5-11ad-1595-197d-000000001d65,2026-03-26,present
00009503-98eb-9cd3-a0bb-00000000a4a3,00001c6d-2055-243d-2825-000000002c0d,00000dc5-11ad-1595-197d-000000001d65,2026-04-02,present
0000950a-98f2-9cda-a0c2-00000000a4aa,00001c6d-2055-243d-2825-000000002c0d,00000dc5-11ad-1595-197d-000000001d65,2026-04-09,present
00009511-98f9-9ce1-a0c9-00000000a4b1,00001c6d-2055-243d-2825-000000002c0d,00000dc5-11ad-1595-197d-000000001d65,2026-04-16,absent
00009518-9900-9ce8-a0d0-00000000a4b8,00001c6d-2055-243d-2825-000000002c0d,00000dc5-11ad-1595-197d-000000001d65,2026-04-23,present
0000951f-9907-9cef-a0d7-00000000a4bf,00001c6d-2055-243d-2825-000000002c0d,00000dc5-11ad-1595-197d-000000001d65,2026-04-30,present
00009526-990e-9cf6-a0de-00000000a4c6,00001c6d-2055-243d-2825-000000002c0d,00000dc5-11ad-1595-197d-000000001d65,2026-05-07,present
0000952d-9915-9cfd-a0e5-00000000a4cd,00001c6d-2055-243d-2825-000000002c0d,00000dc5-11ad-1595-197d-000000001d65,2026-05-14,present
00009534-991c-9d04-a0ec-00000000a4d4,00001c6d-2055-243d-2825-000000002c0d,00000dc5-11ad-1595-197d-000000001d65,2026-05-21,present
0000953b-9923-9d0b-a0f3-00000000a4db,00001c74-205c-2444-282c-000000002c14,00000dc5-11ad-1595-197d-000000001d65,2026-03-05,present
00009542-992a-9d12-a0fa-00000000a4e2,00001c74-205c-2444-282c-000000002c14,00000dc5-11ad-1595-197d-000000001d65,2026-03-12,present
00009549-9931-9d19-a101-00000000a4e9,00001c74-205c-2444-282c-000000002c14,00000dc5-11ad-1595-197d-000000001d65,2026-03-19,present
00009550-9938-9d20-a108-00000000a4f0,00001c74-205c-2444-282c-000000002c14,00000dc5-11ad-1595-197d-000000001d65,2026-03-26,present
00009557-993f-9d27-a10f-00000000a4f7,00001c74-205c-2444-282c-000000002c14,00000dc5-11ad-1595-197d-000000001d65,2026-04-02,present
0000955e-9946-9d2e-a116-00000000a4fe,00001c74-205c-2444-282c-000000002c14,00000dc5-11ad-1595-197d-000000001d65,2026-04-09,absent
00009565-994d-9d35-a11d-00000000a505,00001c74-205c-2444-282c-000000002c14,00000dc5-11ad-1595-197d-000000001d65,2026-04-16,present
0000956c-9954-9d3c-a124-00000000a50c,00001c74-205c-2444-282c-000000002c14,00000dc5-11ad-1595-197d-000000001d65,2026-04-23,present
00009573-995b-9d43-a12b-00000000a513,00001c74-205c-2444-282c-000000002c14,00000dc5-11ad-1595-197d-000000001d65,2026-04-30,present
0000957a-9962-9d4a-a132-00000000a51a,00001c74-205c-2444-282c-000000002c14,00000dc5-11ad-1595-197d-000000001d65,2026-05-07,present
00009581-9969-9d51-a139-00000000a521,00001c74-205c-2444-282c-000000002c14,00000dc5-11ad-1595-197d-000000001d65,2026-05-14,present
00009588-9970-9d58-a140-00000000a528,00001c74-205c-2444-282c-000000002c14,00000dc5-11ad-1595-197d-000000001d65,2026-05-21,present
0000958f-9977-9d5f-a147-00000000a52f,00001c7b-2063-244b-2833-000000002c1b,00000dc5-11ad-1595-197d-000000001d65,2026-03-05,present
00009596-997e-9d66-a14e-00000000a536,00001c7b-2063-244b-2833-000000002c1b,00000dc5-11ad-1595-197d-000000001d65,2026-03-12,present
0000959d-9985-9d6d-a155-00000000a53d,00001c7b-2063-244b-2833-000000002c1b,00000dc5-11ad-1595-197d-000000001d65,2026-03-19,present
000095a4-998c-9d74-a15c-00000000a544,00001c7b-2063-244b-2833-000000002c1b,00000dc5-11ad-1595-197d-000000001d65,2026-03-26,present
000095ab-9993-9d7b-a163-00000000a54b,00001c7b-2063-244b-2833-000000002c1b,00000dc5-11ad-1595-197d-000000001d65,2026-04-02,present
000095b2-999a-9d82-a16a-00000000a552,00001c7b-2063-244b-2833-000000002c1b,00000dc5-11ad-1595-197d-000000001d65,2026-04-09,present
000095b9-99a1-9d89-a171-00000000a559,00001c7b-2063-244b-2833-000000002c1b,00000dc5-11ad-1595-197d-000000001d65,2026-04-16,present
000095c0-99a8-9d90-a178-00000000a560,00001c7b-2063-244b-2833-000000002c1b,00000dc5-11ad-1595-197d-000000001d65,2026-04-23,present
000095c7-99af-9d97-a17f-00000000a567,00001c7b-2063-244b-2833-000000002c1b,00000dc5-11ad-1595-197d-000000001d65,2026-04-30,present
000095ce-99b6-9d9e-a186-00000000a56e,00001c7b-2063-244b-2833-000000002c1b,00000dc5-11ad-1595-197d-000000001d65,2026-05-07,present
000095d5-99bd-9da5-a18d-00000000a575,00001c7b-2063-244b-2833-000000002c1b,00000dc5-11ad-1595-197d-000000001d65,2026-05-14,present
000095dc-99c4-9dac-a194-00000000a57c,00001c7b-2063-244b-2833-000000002c1b,00000dc5-11ad-1595-197d-000000001d65,2026-05-21,present
000095e3-99cb-9db3-a19b-00000000a583,00001c82-206a-2452-283a-000000002c22,00000dcc-11b4-159c-1984-000000001d6c,2026-03-08,late
000095ea-99d2-9dba-a1a2-00000000a58a,00001c82-206a-2452-283a-000000002c22,00000dcc-11b4-159c-1984-000000001d6c,2026-03-15,present
000095f1-99d9-9dc1-a1a9-00000000a591,00001c82-206a-2452-283a-000000002c22,00000dcc-11b4-159c-1984-000000001d6c,2026-03-22,present
000095f8-99e0-9dc8-a1b0-00000000a598,00001c82-206a-2452-283a-000000002c22,00000dcc-11b4-159c-1984-000000001d6c,2026-03-29,present
000095ff-99e7-9dcf-a1b7-00000000a59f,00001c82-206a-2452-283a-000000002c22,00000dcc-11b4-159c-1984-000000001d6c,2026-04-05,present
00009606-99ee-9dd6-a1be-00000000a5a6,00001c82-206a-2452-283a-000000002c22,00000dcc-11b4-159c-1984-000000001d6c,2026-04-12,present
0000960d-99f5-9ddd-a1c5-00000000a5ad,00001c82-206a-2452-283a-000000002c22,00000dcc-11b4-159c-1984-000000001d6c,2026-04-19,present
00009614-99fc-9de4-a1cc-00000000a5b4,00001c82-206a-2452-283a-000000002c22,00000dcc-11b4-159c-1984-000000001d6c,2026-04-26,present
0000961b-9a03-9deb-a1d3-00000000a5bb,00001c82-206a-2452-283a-000000002c22,00000dcc-11b4-159c-1984-000000001d6c,2026-05-03,present
00009622-9a0a-9df2-a1da-00000000a5c2,00001c82-206a-2452-283a-000000002c22,00000dcc-11b4-159c-1984-000000001d6c,2026-05-10,present
00009629-9a11-9df9-a1e1-00000000a5c9,00001c82-206a-2452-283a-000000002c22,00000dcc-11b4-159c-1984-000000001d6c,2026-05-17,late
00009630-9a18-9e00-a1e8-00000000a5d0,00001c82-206a-2452-283a-000000002c22,00000dcc-11b4-159c-1984-000000001d6c,2026-05-24,present
00009637-9a1f-9e07-a1ef-00000000a5d7,00001c89-2071-2459-2841-000000002c29,00000dcc-11b4-159c-1984-000000001d6c,2026-03-08,present
0000963e-9a26-9e0e-a1f6-00000000a5de,00001c89-2071-2459-2841-000000002c29,00000dcc-11b4-159c-1984-000000001d6c,2026-03-15,present
00009645-9a2d-9e15-a1fd-00000000a5e5,00001c89-2071-2459-2841-000000002c29,00000dcc-11b4-159c-1984-000000001d6c,2026-03-22,late
0000964c-9a34-9e1c-a204-00000000a5ec,00001c89-2071-2459-2841-000000002c29,00000dcc-11b4-159c-1984-000000001d6c,2026-03-29,present
00009653-9a3b-9e23-a20b-00000000a5f3,00001c89-2071-2459-2841-000000002c29,00000dcc-11b4-159c-1984-000000001d6c,2026-04-05,present
0000965a-9a42-9e2a-a212-00000000a5fa,00001c89-2071-2459-2841-000000002c29,00000dcc-11b4-159c-1984-000000001d6c,2026-04-12,present
00009661-9a49-9e31-a219-00000000a601,00001c89-2071-2459-2841-000000002c29,00000dcc-11b4-159c-1984-000000001d6c,2026-04-19,present
00009668-9a50-9e38-a220-00000000a608,00001c89-2071-2459-2841-000000002c29,00000dcc-11b4-159c-1984-000000001d6c,2026-04-26,late
0000966f-9a57-9e3f-a227-00000000a60f,00001c89-2071-2459-2841-000000002c29,00000dcc-11b4-159c-1984-000000001d6c,2026-05-03,present
00009676-9a5e-9e46-a22e-00000000a616,00001c89-2071-2459-2841-000000002c29,00000dcc-11b4-159c-1984-000000001d6c,2026-05-10,present
0000967d-9a65-9e4d-a235-00000000a61d,00001c89-2071-2459-2841-000000002c29,00000dcc-11b4-159c-1984-000000001d6c,2026-05-17,present
00009684-9a6c-9e54-a23c-00000000a624,00001c89-2071-2459-2841-000000002c29,00000dcc-11b4-159c-1984-000000001d6c,2026-05-24,present
0000968b-9a73-9e5b-a243-00000000a62b,00001c90-2078-2460-2848-000000002c30,00000dcc-11b4-159c-1984-000000001d6c,2026-03-08,present
00009692-9a7a-9e62-a24a-00000000a632,00001c90-2078-2460-2848-000000002c30,00000dcc-11b4-159c-1984-000000001d6c,2026-03-15,present
00009699-9a81-9e69-a251-00000000a639,00001c90-2078-2460-2848-000000002c30,00000dcc-11b4-159c-1984-000000001d6c,2026-03-22,present
000096a0-9a88-9e70-a258-00000000a640,00001c90-2078-2460-2848-000000002c30,00000dcc-11b4-159c-1984-000000001d6c,2026-03-29,present
000096a7-9a8f-9e77-a25f-00000000a647,00001c90-2078-2460-2848-000000002c30,00000dcc-11b4-159c-1984-000000001d6c,2026-04-05,late
000096ae-9a96-9e7e-a266-00000000a64e,00001c90-2078-2460-2848-000000002c30,00000dcc-11b4-159c-1984-000000001d6c,2026-04-12,present
000096b5-9a9d-9e85-a26d-00000000a655,00001c90-2078-2460-2848-000000002c30,00000dcc-11b4-159c-1984-000000001d6c,2026-04-19,absent
000096bc-9aa4-9e8c-a274-00000000a65c,00001c90-2078-2460-2848-000000002c30,00000dcc-11b4-159c-1984-000000001d6c,2026-04-26,present
000096c3-9aab-9e93-a27b-00000000a663,00001c90-2078-2460-2848-000000002c30,00000dcc-11b4-159c-1984-000000001d6c,2026-05-03,late
000096ca-9ab2-9e9a-a282-00000000a66a,00001c90-2078-2460-2848-000000002c30,00000dcc-11b4-159c-1984-000000001d6c,2026-05-10,late
000096d1-9ab9-9ea1-a289-00000000a671,00001c90-2078-2460-2848-000000002c30,00000dcc-11b4-159c-1984-000000001d6c,2026-05-17,late
000096d8-9ac0-9ea8-a290-00000000a678,00001c90-2078-2460-2848-000000002c30,00000dcc-11b4-159c-1984-000000001d6c,2026-05-24,present
000096df-9ac7-9eaf-a297-00000000a67f,00001c97-207f-2467-284f-000000002c37,00000dcc-11b4-159c-1984-000000001d6c,2026-03-08,present
000096e6-9ace-9eb6-a29e-00000000a686,00001c97-207f-2467-284f-000000002c37,00000dcc-11b4-159c-1984-000000001d6c,2026-03-15,present
000096ed-9ad5-9ebd-a2a5-00000000a68d,00001c97-207f-2467-284f-000000002c37,00000dcc-11b4-159c-1984-000000001d6c,2026-03-22,absent
000096f4-9adc-9ec4-a2ac-00000000a694,00001c97-207f-2467-284f-000000002c37,00000dcc-11b4-159c-1984-000000001d6c,2026-03-29,present
000096fb-9ae3-9ecb-a2b3-00000000a69b,00001c97-207f-2467-284f-000000002c37,00000dcc-11b4-159c-1984-000000001d6c,2026-04-05,present
00009702-9aea-9ed2-a2ba-00000000a6a2,00001c97-207f-2467-284f-000000002c37,00000dcc-11b4-159c-1984-000000001d6c,2026-04-12,present
00009709-9af1-9ed9-a2c1-00000000a6a9,00001c97-207f-2467-284f-000000002c37,00000dcc-11b4-159c-1984-000000001d6c,2026-04-19,present
00009710-9af8-9ee0-a2c8-00000000a6b0,00001c97-207f-2467-284f-000000002c37,00000dcc-11b4-159c-1984-000000001d6c,2026-04-26,late
00009717-9aff-9ee7-a2cf-00000000a6b7,00001c97-207f-2467-284f-000000002c37,00000dcc-11b4-159c-1984-000000001d6c,2026-05-03,present
0000971e-9b06-9eee-a2d6-00000000a6be,00001c97-207f-2467-284f-000000002c37,00000dcc-11b4-159c-1984-000000001d6c,2026-05-10,present
00009725-9b0d-9ef5-a2dd-00000000a6c5,00001c97-207f-2467-284f-000000002c37,00000dcc-11b4-159c-1984-000000001d6c,2026-05-17,present
0000972c-9b14-9efc-a2e4-00000000a6cc,00001c97-207f-2467-284f-000000002c37,00000dcc-11b4-159c-1984-000000001d6c,2026-05-24,present
00009733-9b1b-9f03-a2eb-00000000a6d3,00001c9e-2086-246e-2856-000000002c3e,00000dcc-11b4-159c-1984-000000001d6c,2026-03-08,present
0000973a-9b22-9f0a-a2f2-00000000a6da,00001c9e-2086-246e-2856-000000002c3e,00000dcc-11b4-159c-1984-000000001d6c,2026-03-15,present
00009741-9b29-9f11-a2f9-00000000a6e1,00001c9e-2086-246e-2856-000000002c3e,00000dcc-11b4-159c-1984-000000001d6c,2026-03-22,present
00009748-9b30-9f18-a300-00000000a6e8,00001c9e-2086-246e-2856-000000002c3e,00000dcc-11b4-159c-1984-000000001d6c,2026-03-29,present
0000974f-9b37-9f1f-a307-00000000a6ef,00001c9e-2086-246e-2856-000000002c3e,00000dcc-11b4-159c-1984-000000001d6c,2026-04-05,present
00009756-9b3e-9f26-a30e-00000000a6f6,00001c9e-2086-246e-2856-000000002c3e,00000dcc-11b4-159c-1984-000000001d6c,2026-04-12,late
0000975d-9b45-9f2d-a315-00000000a6fd,00001c9e-2086-246e-2856-000000002c3e,00000dcc-11b4-159c-1984-000000001d6c,2026-04-19,present
00009764-9b4c-9f34-a31c-00000000a704,00001c9e-2086-246e-2856-000000002c3e,00000dcc-11b4-159c-1984-000000001d6c,2026-04-26,present
0000976b-9b53-9f3b-a323-00000000a70b,00001c9e-2086-246e-2856-000000002c3e,00000dcc-11b4-159c-1984-000000001d6c,2026-05-03,late
00009772-9b5a-9f42-a32a-00000000a712,00001c9e-2086-246e-2856-000000002c3e,00000dcc-11b4-159c-1984-000000001d6c,2026-05-10,present
00009779-9b61-9f49-a331-00000000a719,00001c9e-2086-246e-2856-000000002c3e,00000dcc-11b4-159c-1984-000000001d6c,2026-05-17,present
00009780-9b68-9f50-a338-00000000a720,00001c9e-2086-246e-2856-000000002c3e,00000dcc-11b4-159c-1984-000000001d6c,2026-05-24,late
00009787-9b6f-9f57-a33f-00000000a727,00001ca5-208d-2475-285d-000000002c45,00000dcc-11b4-159c-1984-000000001d6c,2026-03-08,absent
0000978e-9b76-9f5e-a346-00000000a72e,00001ca5-208d-2475-285d-000000002c45,00000dcc-11b4-159c-1984-000000001d6c,2026-03-15,late
00009795-9b7d-9f65-a34d-00000000a735,00001ca5-208d-2475-285d-000000002c45,00000dcc-11b4-159c-1984-000000001d6c,2026-03-22,present
0000979c-9b84-9f6c-a354-00000000a73c,00001ca5-208d-2475-285d-000000002c45,00000dcc-11b4-159c-1984-000000001d6c,2026-03-29,present
000097a3-9b8b-9f73-a35b-00000000a743,00001ca5-208d-2475-285d-000000002c45,00000dcc-11b4-159c-1984-000000001d6c,2026-04-05,present
000097aa-9b92-9f7a-a362-00000000a74a,00001ca5-208d-2475-285d-000000002c45,00000dcc-11b4-159c-1984-000000001d6c,2026-04-12,late
000097b1-9b99-9f81-a369-00000000a751,00001ca5-208d-2475-285d-000000002c45,00000dcc-11b4-159c-1984-000000001d6c,2026-04-19,present
000097b8-9ba0-9f88-a370-00000000a758,00001ca5-208d-2475-285d-000000002c45,00000dcc-11b4-159c-1984-000000001d6c,2026-04-26,late
000097bf-9ba7-9f8f-a377-00000000a75f,00001ca5-208d-2475-285d-000000002c45,00000dcc-11b4-159c-1984-000000001d6c,2026-05-03,absent
000097c6-9bae-9f96-a37e-00000000a766,00001ca5-208d-2475-285d-000000002c45,00000dcc-11b4-159c-1984-000000001d6c,2026-05-10,present
000097cd-9bb5-9f9d-a385-00000000a76d,00001ca5-208d-2475-285d-000000002c45,00000dcc-11b4-159c-1984-000000001d6c,2026-05-17,late
000097d4-9bbc-9fa4-a38c-00000000a774,00001ca5-208d-2475-285d-000000002c45,00000dcc-11b4-159c-1984-000000001d6c,2026-05-24,present
000097db-9bc3-9fab-a393-00000000a77b,00001cac-2094-247c-2864-000000002c4c,00000dcc-11b4-159c-1984-000000001d6c,2026-03-08,present
000097e2-9bca-9fb2-a39a-00000000a782,00001cac-2094-247c-2864-000000002c4c,00000dcc-11b4-159c-1984-000000001d6c,2026-03-15,present
000097e9-9bd1-9fb9-a3a1-00000000a789,00001cac-2094-247c-2864-000000002c4c,00000dcc-11b4-159c-1984-000000001d6c,2026-03-22,present
000097f0-9bd8-9fc0-a3a8-00000000a790,00001cac-2094-247c-2864-000000002c4c,00000dcc-11b4-159c-1984-000000001d6c,2026-03-29,present
000097f7-9bdf-9fc7-a3af-00000000a797,00001cac-2094-247c-2864-000000002c4c,00000dcc-11b4-159c-1984-000000001d6c,2026-04-05,late
000097fe-9be6-9fce-a3b6-00000000a79e,00001cac-2094-247c-2864-000000002c4c,00000dcc-11b4-159c-1984-000000001d6c,2026-04-12,present
00009805-9bed-9fd5-a3bd-00000000a7a5,00001cac-2094-247c-2864-000000002c4c,00000dcc-11b4-159c-1984-000000001d6c,2026-04-19,present
0000980c-9bf4-9fdc-a3c4-00000000a7ac,00001cac-2094-247c-2864-000000002c4c,00000dcc-11b4-159c-1984-000000001d6c,2026-04-26,present
00009813-9bfb-9fe3-a3cb-00000000a7b3,00001cac-2094-247c-2864-000000002c4c,00000dcc-11b4-159c-1984-000000001d6c,2026-05-03,present
0000981a-9c02-9fea-a3d2-00000000a7ba,00001cac-2094-247c-2864-000000002c4c,00000dcc-11b4-159c-1984-000000001d6c,2026-05-10,late
00009821-9c09-9ff1-a3d9-00000000a7c1,00001cac-2094-247c-2864-000000002c4c,00000dcc-11b4-159c-1984-000000001d6c,2026-05-17,present
00009828-9c10-9ff8-a3e0-00000000a7c8,00001cac-2094-247c-2864-000000002c4c,00000dcc-11b4-159c-1984-000000001d6c,2026-05-24,present
0000982f-9c17-9fff-a3e7-00000000a7cf,00001cb3-209b-2483-286b-000000002c53,00000dcc-11b4-159c-1984-000000001d6c,2026-03-08,late
00009836-9c1e-a006-a3ee-00000000a7d6,00001cb3-209b-2483-286b-000000002c53,00000dcc-11b4-159c-1984-000000001d6c,2026-03-15,present
0000983d-9c25-a00d-a3f5-00000000a7dd,00001cb3-209b-2483-286b-000000002c53,00000dcc-11b4-159c-1984-000000001d6c,2026-03-22,present
00009844-9c2c-a014-a3fc-00000000a7e4,00001cb3-209b-2483-286b-000000002c53,00000dcc-11b4-159c-1984-000000001d6c,2026-03-29,present
0000984b-9c33-a01b-a403-00000000a7eb,00001cb3-209b-2483-286b-000000002c53,00000dcc-11b4-159c-1984-000000001d6c,2026-04-05,present
00009852-9c3a-a022-a40a-00000000a7f2,00001cb3-209b-2483-286b-000000002c53,00000dcc-11b4-159c-1984-000000001d6c,2026-04-12,present
00009859-9c41-a029-a411-00000000a7f9,00001cb3-209b-2483-286b-000000002c53,00000dcc-11b4-159c-1984-000000001d6c,2026-04-19,present
00009860-9c48-a030-a418-00000000a800,00001cb3-209b-2483-286b-000000002c53,00000dcc-11b4-159c-1984-000000001d6c,2026-04-26,present
00009867-9c4f-a037-a41f-00000000a807,00001cb3-209b-2483-286b-000000002c53,00000dcc-11b4-159c-1984-000000001d6c,2026-05-03,absent
0000986e-9c56-a03e-a426-00000000a80e,00001cb3-209b-2483-286b-000000002c53,00000dcc-11b4-159c-1984-000000001d6c,2026-05-10,present
00009875-9c5d-a045-a42d-00000000a815,00001cb3-209b-2483-286b-000000002c53,00000dcc-11b4-159c-1984-000000001d6c,2026-05-17,present
0000987c-9c64-a04c-a434-00000000a81c,00001cb3-209b-2483-286b-000000002c53,00000dcc-11b4-159c-1984-000000001d6c,2026-05-24,present
00009883-9c6b-a053-a43b-00000000a823,00001cba-20a2-248a-2872-000000002c5a,00000dcc-11b4-159c-1984-000000001d6c,2026-03-08,present
0000988a-9c72-a05a-a442-00000000a82a,00001cba-20a2-248a-2872-000000002c5a,00000dcc-11b4-159c-1984-000000001d6c,2026-03-15,present
00009891-9c79-a061-a449-00000000a831,00001cba-20a2-248a-2872-000000002c5a,00000dcc-11b4-159c-1984-000000001d6c,2026-03-22,present
00009898-9c80-a068-a450-00000000a838,00001cba-20a2-248a-2872-000000002c5a,00000dcc-11b4-159c-1984-000000001d6c,2026-03-29,present
0000989f-9c87-a06f-a457-00000000a83f,00001cba-20a2-248a-2872-000000002c5a,00000dcc-11b4-159c-1984-000000001d6c,2026-04-05,present
000098a6-9c8e-a076-a45e-00000000a846,00001cba-20a2-248a-2872-000000002c5a,00000dcc-11b4-159c-1984-000000001d6c,2026-04-12,present
000098ad-9c95-a07d-a465-00000000a84d,00001cba-20a2-248a-2872-000000002c5a,00000dcc-11b4-159c-1984-000000001d6c,2026-04-19,present
000098b4-9c9c-a084-a46c-00000000a854,00001cba-20a2-248a-2872-000000002c5a,00000dcc-11b4-159c-1984-000000001d6c,2026-04-26,late
000098bb-9ca3-a08b-a473-00000000a85b,00001cba-20a2-248a-2872-000000002c5a,00000dcc-11b4-159c-1984-000000001d6c,2026-05-03,late
000098c2-9caa-a092-a47a-00000000a862,00001cba-20a2-248a-2872-000000002c5a,00000dcc-11b4-159c-1984-000000001d6c,2026-05-10,late
000098c9-9cb1-a099-a481-00000000a869,00001cba-20a2-248a-2872-000000002c5a,00000dcc-11b4-159c-1984-000000001d6c,2026-05-17,present
000098d0-9cb8-a0a0-a488-00000000a870,00001cba-20a2-248a-2872-000000002c5a,00000dcc-11b4-159c-1984-000000001d6c,2026-05-24,present
000098d7-9cbf-a0a7-a48f-00000000a877,00001cc1-20a9-2491-2879-000000002c61,00000dcc-11b4-159c-1984-000000001d6c,2026-03-08,present
000098de-9cc6-a0ae-a496-00000000a87e,00001cc1-20a9-2491-2879-000000002c61,00000dcc-11b4-159c-1984-000000001d6c,2026-03-15,present
000098e5-9ccd-a0b5-a49d-00000000a885,00001cc1-20a9-2491-2879-000000002c61,00000dcc-11b4-159c-1984-000000001d6c,2026-03-22,present
000098ec-9cd4-a0bc-a4a4-00000000a88c,00001cc1-20a9-2491-2879-000000002c61,00000dcc-11b4-159c-1984-000000001d6c,2026-03-29,present
000098f3-9cdb-a0c3-a4ab-00000000a893,00001cc1-20a9-2491-2879-000000002c61,00000dcc-11b4-159c-1984-000000001d6c,2026-04-05,late
000098fa-9ce2-a0ca-a4b2-00000000a89a,00001cc1-20a9-2491-2879-000000002c61,00000dcc-11b4-159c-1984-000000001d6c,2026-04-12,present
00009901-9ce9-a0d1-a4b9-00000000a8a1,00001cc1-20a9-2491-2879-000000002c61,00000dcc-11b4-159c-1984-000000001d6c,2026-04-19,present
00009908-9cf0-a0d8-a4c0-00000000a8a8,00001cc1-20a9-2491-2879-000000002c61,00000dcc-11b4-159c-1984-000000001d6c,2026-04-26,present
0000990f-9cf7-a0df-a4c7-00000000a8af,00001cc1-20a9-2491-2879-000000002c61,00000dcc-11b4-159c-1984-000000001d6c,2026-05-03,late
00009916-9cfe-a0e6-a4ce-00000000a8b6,00001cc1-20a9-2491-2879-000000002c61,00000dcc-11b4-159c-1984-000000001d6c,2026-05-10,present
0000991d-9d05-a0ed-a4d5-00000000a8bd,00001cc1-20a9-2491-2879-000000002c61,00000dcc-11b4-159c-1984-000000001d6c,2026-05-17,present
00009924-9d0c-a0f4-a4dc-00000000a8c4,00001cc1-20a9-2491-2879-000000002c61,00000dcc-11b4-159c-1984-000000001d6c,2026-05-24,present
0000992b-9d13-a0fb-a4e3-00000000a8cb,00001cc8-20b0-2498-2880-000000002c68,00000dcc-11b4-159c-1984-000000001d6c,2026-03-08,present
00009932-9d1a-a102-a4ea-00000000a8d2,00001cc8-20b0-2498-2880-000000002c68,00000dcc-11b4-159c-1984-000000001d6c,2026-03-15,present
00009939-9d21-a109-a4f1-00000000a8d9,00001cc8-20b0-2498-2880-000000002c68,00000dcc-11b4-159c-1984-000000001d6c,2026-03-22,present
00009940-9d28-a110-a4f8-00000000a8e0,00001cc8-20b0-2498-2880-000000002c68,00000dcc-11b4-159c-1984-000000001d6c,2026-03-29,present
00009947-9d2f-a117-a4ff-00000000a8e7,00001cc8-20b0-2498-2880-000000002c68,00000dcc-11b4-159c-1984-000000001d6c,2026-04-05,present
0000994e-9d36-a11e-a506-00000000a8ee,00001cc8-20b0-2498-2880-000000002c68,00000dcc-11b4-159c-1984-000000001d6c,2026-04-12,present
00009955-9d3d-a125-a50d-00000000a8f5,00001cc8-20b0-2498-2880-000000002c68,00000dcc-11b4-159c-1984-000000001d6c,2026-04-19,present
0000995c-9d44-a12c-a514-00000000a8fc,00001cc8-20b0-2498-2880-000000002c68,00000dcc-11b4-159c-1984-000000001d6c,2026-04-26,present
00009963-9d4b-a133-a51b-00000000a903,00001cc8-20b0-2498-2880-000000002c68,00000dcc-11b4-159c-1984-000000001d6c,2026-05-03,present
0000996a-9d52-a13a-a522-00000000a90a,00001cc8-20b0-2498-2880-000000002c68,00000dcc-11b4-159c-1984-000000001d6c,2026-05-10,present
00009971-9d59-a141-a529-00000000a911,00001cc8-20b0-2498-2880-000000002c68,00000dcc-11b4-159c-1984-000000001d6c,2026-05-17,late
00009978-9d60-a148-a530-00000000a918,00001cc8-20b0-2498-2880-000000002c68,00000dcc-11b4-159c-1984-000000001d6c,2026-05-24,present
0000997f-9d67-a14f-a537-00000000a91f,00001ccf-20b7-249f-2887-000000002c6f,00000dcc-11b4-159c-1984-000000001d6c,2026-03-08,late
00009986-9d6e-a156-a53e-00000000a926,00001ccf-20b7-249f-2887-000000002c6f,00000dcc-11b4-159c-1984-000000001d6c,2026-03-15,present
0000998d-9d75-a15d-a545-00000000a92d,00001ccf-20b7-249f-2887-000000002c6f,00000dcc-11b4-159c-1984-000000001d6c,2026-03-22,present
00009994-9d7c-a164-a54c-00000000a934,00001ccf-20b7-249f-2887-000000002c6f,00000dcc-11b4-159c-1984-000000001d6c,2026-03-29,present
0000999b-9d83-a16b-a553-00000000a93b,00001ccf-20b7-249f-2887-000000002c6f,00000dcc-11b4-159c-1984-000000001d6c,2026-04-05,present
000099a2-9d8a-a172-a55a-00000000a942,00001ccf-20b7-249f-2887-000000002c6f,00000dcc-11b4-159c-1984-000000001d6c,2026-04-12,present
000099a9-9d91-a179-a561-00000000a949,00001ccf-20b7-249f-2887-000000002c6f,00000dcc-11b4-159c-1984-000000001d6c,2026-04-19,present
000099b0-9d98-a180-a568-00000000a950,00001ccf-20b7-249f-2887-000000002c6f,00000dcc-11b4-159c-1984-000000001d6c,2026-04-26,present
000099b7-9d9f-a187-a56f-00000000a957,00001ccf-20b7-249f-2887-000000002c6f,00000dcc-11b4-159c-1984-000000001d6c,2026-05-03,present
000099be-9da6-a18e-a576-00000000a95e,00001ccf-20b7-249f-2887-000000002c6f,00000dcc-11b4-159c-1984-000000001d6c,2026-05-10,present
000099c5-9dad-a195-a57d-00000000a965,00001ccf-20b7-249f-2887-000000002c6f,00000dcc-11b4-159c-1984-000000001d6c,2026-05-17,present
000099cc-9db4-a19c-a584-00000000a96c,00001ccf-20b7-249f-2887-000000002c6f,00000dcc-11b4-159c-1984-000000001d6c,2026-05-24,late
000099d3-9dbb-a1a3-a58b-00000000a973,00001cd6-20be-24a6-288e-000000002c76,00000dcc-11b4-159c-1984-000000001d6c,2026-03-08,present
000099da-9dc2-a1aa-a592-00000000a97a,00001cd6-20be-24a6-288e-000000002c76,00000dcc-11b4-159c-1984-000000001d6c,2026-03-15,late
000099e1-9dc9-a1b1-a599-00000000a981,00001cd6-20be-24a6-288e-000000002c76,00000dcc-11b4-159c-1984-000000001d6c,2026-03-22,present
000099e8-9dd0-a1b8-a5a0-00000000a988,00001cd6-20be-24a6-288e-000000002c76,00000dcc-11b4-159c-1984-000000001d6c,2026-03-29,present
000099ef-9dd7-a1bf-a5a7-00000000a98f,00001cd6-20be-24a6-288e-000000002c76,00000dcc-11b4-159c-1984-000000001d6c,2026-04-05,present
000099f6-9dde-a1c6-a5ae-00000000a996,00001cd6-20be-24a6-288e-000000002c76,00000dcc-11b4-159c-1984-000000001d6c,2026-04-12,present
000099fd-9de5-a1cd-a5b5-00000000a99d,00001cd6-20be-24a6-288e-000000002c76,00000dcc-11b4-159c-1984-000000001d6c,2026-04-19,present
00009a04-9dec-a1d4-a5bc-00000000a9a4,00001cd6-20be-24a6-288e-000000002c76,00000dcc-11b4-159c-1984-000000001d6c,2026-04-26,late
00009a0b-9df3-a1db-a5c3-00000000a9ab,00001cd6-20be-24a6-288e-000000002c76,00000dcc-11b4-159c-1984-000000001d6c,2026-05-03,present
00009a12-9dfa-a1e2-a5ca-00000000a9b2,00001cd6-20be-24a6-288e-000000002c76,00000dcc-11b4-159c-1984-000000001d6c,2026-05-10,late
00009a19-9e01-a1e9-a5d1-00000000a9b9,00001cd6-20be-24a6-288e-000000002c76,00000dcc-11b4-159c-1984-000000001d6c,2026-05-17,present
00009a20-9e08-a1f0-a5d8-00000000a9c0,00001cd6-20be-24a6-288e-000000002c76,00000dcc-11b4-159c-1984-000000001d6c,2026-05-24,present
00009a27-9e0f-a1f7-a5df-00000000a9c7,00001cdd-20c5-24ad-2895-000000002c7d,00000dcc-11b4-159c-1984-000000001d6c,2026-03-08,present
00009a2e-9e16-a1fe-a5e6-00000000a9ce,00001cdd-20c5-24ad-2895-000000002c7d,00000dcc-11b4-159c-1984-000000001d6c,2026-03-15,present
00009a35-9e1d-a205-a5ed-00000000a9d5,00001cdd-20c5-24ad-2895-000000002c7d,00000dcc-11b4-159c-1984-000000001d6c,2026-03-22,present
00009a3c-9e24-a20c-a5f4-00000000a9dc,00001cdd-20c5-24ad-2895-000000002c7d,00000dcc-11b4-159c-1984-000000001d6c,2026-03-29,present
00009a43-9e2b-a213-a5fb-00000000a9e3,00001cdd-20c5-24ad-2895-000000002c7d,00000dcc-11b4-159c-1984-000000001d6c,2026-04-05,present
00009a4a-9e32-a21a-a602-00000000a9ea,00001cdd-20c5-24ad-2895-000000002c7d,00000dcc-11b4-159c-1984-000000001d6c,2026-04-12,present
00009a51-9e39-a221-a609-00000000a9f1,00001cdd-20c5-24ad-2895-000000002c7d,00000dcc-11b4-159c-1984-000000001d6c,2026-04-19,present
00009a58-9e40-a228-a610-00000000a9f8,00001cdd-20c5-24ad-2895-000000002c7d,00000dcc-11b4-159c-1984-000000001d6c,2026-04-26,present
00009a5f-9e47-a22f-a617-00000000a9ff,00001cdd-20c5-24ad-2895-000000002c7d,00000dcc-11b4-159c-1984-000000001d6c,2026-05-03,present
00009a66-9e4e-a236-a61e-00000000aa06,00001cdd-20c5-24ad-2895-000000002c7d,00000dcc-11b4-159c-1984-000000001d6c,2026-05-10,present
00009a6d-9e55-a23d-a625-00000000aa0d,00001cdd-20c5-24ad-2895-000000002c7d,00000dcc-11b4-159c-1984-000000001d6c,2026-05-17,present
00009a74-9e5c-a244-a62c-00000000aa14,00001cdd-20c5-24ad-2895-000000002c7d,00000dcc-11b4-159c-1984-000000001d6c,2026-05-24,present
00009a7b-9e63-a24b-a633-00000000aa1b,00001ce4-20cc-24b4-289c-000000002c84,00000dcc-11b4-159c-1984-000000001d6c,2026-03-08,present
00009a82-9e6a-a252-a63a-00000000aa22,00001ce4-20cc-24b4-289c-000000002c84,00000dcc-11b4-159c-1984-000000001d6c,2026-03-15,present
00009a89-9e71-a259-a641-00000000aa29,00001ce4-20cc-24b4-289c-000000002c84,00000dcc-11b4-159c-1984-000000001d6c,2026-03-22,present
00009a90-9e78-a260-a648-00000000aa30,00001ce4-20cc-24b4-289c-000000002c84,00000dcc-11b4-159c-1984-000000001d6c,2026-03-29,present
00009a97-9e7f-a267-a64f-00000000aa37,00001ce4-20cc-24b4-289c-000000002c84,00000dcc-11b4-159c-1984-000000001d6c,2026-04-05,present
00009a9e-9e86-a26e-a656-00000000aa3e,00001ce4-20cc-24b4-289c-000000002c84,00000dcc-11b4-159c-1984-000000001d6c,2026-04-12,present
00009aa5-9e8d-a275-a65d-00000000aa45,00001ce4-20cc-24b4-289c-000000002c84,00000dcc-11b4-159c-1984-000000001d6c,2026-04-19,present
00009aac-9e94-a27c-a664-00000000aa4c,00001ce4-20cc-24b4-289c-000000002c84,00000dcc-11b4-159c-1984-000000001d6c,2026-04-26,present
00009ab3-9e9b-a283-a66b-00000000aa53,00001ce4-20cc-24b4-289c-000000002c84,00000dcc-11b4-159c-1984-000000001d6c,2026-05-03,present
00009aba-9ea2-a28a-a672-00000000aa5a,00001ce4-20cc-24b4-289c-000000002c84,00000dcc-11b4-159c-1984-000000001d6c,2026-05-10,present
00009ac1-9ea9-a291-a679-00000000aa61,00001ce4-20cc-24b4-289c-000000002c84,00000dcc-11b4-159c-1984-000000001d6c,2026-05-17,late
00009ac8-9eb0-a298-a680-00000000aa68,00001ce4-20cc-24b4-289c-000000002c84,00000dcc-11b4-159c-1984-000000001d6c,2026-05-24,present
00009acf-9eb7-a29f-a687-00000000aa6f,00001ceb-20d3-24bb-28a3-000000002c8b,00000dcc-11b4-159c-1984-000000001d6c,2026-03-08,present
00009ad6-9ebe-a2a6-a68e-00000000aa76,00001ceb-20d3-24bb-28a3-000000002c8b,00000dcc-11b4-159c-1984-000000001d6c,2026-03-15,present
00009add-9ec5-a2ad-a695-00000000aa7d,00001ceb-20d3-24bb-28a3-000000002c8b,00000dcc-11b4-159c-1984-000000001d6c,2026-03-22,late
00009ae4-9ecc-a2b4-a69c-00000000aa84,00001ceb-20d3-24bb-28a3-000000002c8b,00000dcc-11b4-159c-1984-000000001d6c,2026-03-29,present
00009aeb-9ed3-a2bb-a6a3-00000000aa8b,00001ceb-20d3-24bb-28a3-000000002c8b,00000dcc-11b4-159c-1984-000000001d6c,2026-04-05,present
00009af2-9eda-a2c2-a6aa-00000000aa92,00001ceb-20d3-24bb-28a3-000000002c8b,00000dcc-11b4-159c-1984-000000001d6c,2026-04-12,absent
00009af9-9ee1-a2c9-a6b1-00000000aa99,00001ceb-20d3-24bb-28a3-000000002c8b,00000dcc-11b4-159c-1984-000000001d6c,2026-04-19,late
00009b00-9ee8-a2d0-a6b8-00000000aaa0,00001ceb-20d3-24bb-28a3-000000002c8b,00000dcc-11b4-159c-1984-000000001d6c,2026-04-26,present
00009b07-9eef-a2d7-a6bf-00000000aaa7,00001ceb-20d3-24bb-28a3-000000002c8b,00000dcc-11b4-159c-1984-000000001d6c,2026-05-03,present
00009b0e-9ef6-a2de-a6c6-00000000aaae,00001ceb-20d3-24bb-28a3-000000002c8b,00000dcc-11b4-159c-1984-000000001d6c,2026-05-10,present
00009b15-9efd-a2e5-a6cd-00000000aab5,00001ceb-20d3-24bb-28a3-000000002c8b,00000dcc-11b4-159c-1984-000000001d6c,2026-05-17,present
00009b1c-9f04-a2ec-a6d4-00000000aabc,00001ceb-20d3-24bb-28a3-000000002c8b,00000dcc-11b4-159c-1984-000000001d6c,2026-05-24,present
00009b23-9f0b-a2f3-a6db-00000000aac3,00001cf2-20da-24c2-28aa-000000002c92,00000dcc-11b4-159c-1984-000000001d6c,2026-03-08,absent
00009b2a-9f12-a2fa-a6e2-00000000aaca,00001cf2-20da-24c2-28aa-000000002c92,00000dcc-11b4-159c-1984-000000001d6c,2026-03-15,present
00009b31-9f19-a301-a6e9-00000000aad1,00001cf2-20da-24c2-28aa-000000002c92,00000dcc-11b4-159c-1984-000000001d6c,2026-03-22,present
00009b38-9f20-a308-a6f0-00000000aad8,00001cf2-20da-24c2-28aa-000000002c92,00000dcc-11b4-159c-1984-000000001d6c,2026-03-29,present
00009b3f-9f27-a30f-a6f7-00000000aadf,00001cf2-20da-24c2-28aa-000000002c92,00000dcc-11b4-159c-1984-000000001d6c,2026-04-05,present
00009b46-9f2e-a316-a6fe-00000000aae6,00001cf2-20da-24c2-28aa-000000002c92,00000dcc-11b4-159c-1984-000000001d6c,2026-04-12,present
00009b4d-9f35-a31d-a705-00000000aaed,00001cf2-20da-24c2-28aa-000000002c92,00000dcc-11b4-159c-1984-000000001d6c,2026-04-19,present
00009b54-9f3c-a324-a70c-00000000aaf4,00001cf2-20da-24c2-28aa-000000002c92,00000dcc-11b4-159c-1984-000000001d6c,2026-04-26,present
00009b5b-9f43-a32b-a713-00000000aafb,00001cf2-20da-24c2-28aa-000000002c92,00000dcc-11b4-159c-1984-000000001d6c,2026-05-03,present
00009b62-9f4a-a332-a71a-00000000ab02,00001cf2-20da-24c2-28aa-000000002c92,00000dcc-11b4-159c-1984-000000001d6c,2026-05-10,present
00009b69-9f51-a339-a721-00000000ab09,00001cf2-20da-24c2-28aa-000000002c92,00000dcc-11b4-159c-1984-000000001d6c,2026-05-17,present
00009b70-9f58-a340-a728-00000000ab10,00001cf2-20da-24c2-28aa-000000002c92,00000dcc-11b4-159c-1984-000000001d6c,2026-05-24,present
00009b77-9f5f-a347-a72f-00000000ab17,00001cf9-20e1-24c9-28b1-000000002c99,00000dcc-11b4-159c-1984-000000001d6c,2026-03-08,late
00009b7e-9f66-a34e-a736-00000000ab1e,00001cf9-20e1-24c9-28b1-000000002c99,00000dcc-11b4-159c-1984-000000001d6c,2026-03-15,present
00009b85-9f6d-a355-a73d-00000000ab25,00001cf9-20e1-24c9-28b1-000000002c99,00000dcc-11b4-159c-1984-000000001d6c,2026-03-22,present
00009b8c-9f74-a35c-a744-00000000ab2c,00001cf9-20e1-24c9-28b1-000000002c99,00000dcc-11b4-159c-1984-000000001d6c,2026-03-29,present
00009b93-9f7b-a363-a74b-00000000ab33,00001cf9-20e1-24c9-28b1-000000002c99,00000dcc-11b4-159c-1984-000000001d6c,2026-04-05,present
00009b9a-9f82-a36a-a752-00000000ab3a,00001cf9-20e1-24c9-28b1-000000002c99,00000dcc-11b4-159c-1984-000000001d6c,2026-04-12,present
00009ba1-9f89-a371-a759-00000000ab41,00001cf9-20e1-24c9-28b1-000000002c99,00000dcc-11b4-159c-1984-000000001d6c,2026-04-19,present
00009ba8-9f90-a378-a760-00000000ab48,00001cf9-20e1-24c9-28b1-000000002c99,00000dcc-11b4-159c-1984-000000001d6c,2026-04-26,present
00009baf-9f97-a37f-a767-00000000ab4f,00001cf9-20e1-24c9-28b1-000000002c99,00000dcc-11b4-159c-1984-000000001d6c,2026-05-03,late
00009bb6-9f9e-a386-a76e-00000000ab56,00001cf9-20e1-24c9-28b1-000000002c99,00000dcc-11b4-159c-1984-000000001d6c,2026-05-10,present
00009bbd-9fa5-a38d-a775-00000000ab5d,00001cf9-20e1-24c9-28b1-000000002c99,00000dcc-11b4-159c-1984-000000001d6c,2026-05-17,late
00009bc4-9fac-a394-a77c-00000000ab64,00001cf9-20e1-24c9-28b1-000000002c99,00000dcc-11b4-159c-1984-000000001d6c,2026-05-24,present
00009bcb-9fb3-a39b-a783-00000000ab6b,00001d00-20e8-24d0-28b8-000000002ca0,00000dcc-11b4-159c-1984-000000001d6c,2026-03-08,present
00009bd2-9fba-a3a2-a78a-00000000ab72,00001d00-20e8-24d0-28b8-000000002ca0,00000dcc-11b4-159c-1984-000000001d6c,2026-03-15,late
00009bd9-9fc1-a3a9-a791-00000000ab79,00001d00-20e8-24d0-28b8-000000002ca0,00000dcc-11b4-159c-1984-000000001d6c,2026-03-22,late
00009be0-9fc8-a3b0-a798-00000000ab80,00001d00-20e8-24d0-28b8-000000002ca0,00000dcc-11b4-159c-1984-000000001d6c,2026-03-29,present
00009be7-9fcf-a3b7-a79f-00000000ab87,00001d00-20e8-24d0-28b8-000000002ca0,00000dcc-11b4-159c-1984-000000001d6c,2026-04-05,present
00009bee-9fd6-a3be-a7a6-00000000ab8e,00001d00-20e8-24d0-28b8-000000002ca0,00000dcc-11b4-159c-1984-000000001d6c,2026-04-12,present
00009bf5-9fdd-a3c5-a7ad-00000000ab95,00001d00-20e8-24d0-28b8-000000002ca0,00000dcc-11b4-159c-1984-000000001d6c,2026-04-19,present
00009bfc-9fe4-a3cc-a7b4-00000000ab9c,00001d00-20e8-24d0-28b8-000000002ca0,00000dcc-11b4-159c-1984-000000001d6c,2026-04-26,present
00009c03-9feb-a3d3-a7bb-00000000aba3,00001d00-20e8-24d0-28b8-000000002ca0,00000dcc-11b4-159c-1984-000000001d6c,2026-05-03,late
00009c0a-9ff2-a3da-a7c2-00000000abaa,00001d00-20e8-24d0-28b8-000000002ca0,00000dcc-11b4-159c-1984-000000001d6c,2026-05-10,absent
00009c11-9ff9-a3e1-a7c9-00000000abb1,00001d00-20e8-24d0-28b8-000000002ca0,00000dcc-11b4-159c-1984-000000001d6c,2026-05-17,present
00009c18-a000-a3e8-a7d0-00000000abb8,00001d00-20e8-24d0-28b8-000000002ca0,00000dcc-11b4-159c-1984-000000001d6c,2026-05-24,present
00009c1f-a007-a3ef-a7d7-00000000abbf,00001d07-20ef-24d7-28bf-000000002ca7,00000dcc-11b4-159c-1984-000000001d6c,2026-03-08,present
00009c26-a00e-a3f6-a7de-00000000abc6,00001d07-20ef-24d7-28bf-000000002ca7,00000dcc-11b4-159c-1984-000000001d6c,2026-03-15,late
00009c2d-a015-a3fd-a7e5-00000000abcd,00001d07-20ef-24d7-28bf-000000002ca7,00000dcc-11b4-159c-1984-000000001d6c,2026-03-22,present
00009c34-a01c-a404-a7ec-00000000abd4,00001d07-20ef-24d7-28bf-000000002ca7,00000dcc-11b4-159c-1984-000000001d6c,2026-03-29,late
00009c3b-a023-a40b-a7f3-00000000abdb,00001d07-20ef-24d7-28bf-000000002ca7,00000dcc-11b4-159c-1984-000000001d6c,2026-04-05,present
00009c42-a02a-a412-a7fa-00000000abe2,00001d07-20ef-24d7-28bf-000000002ca7,00000dcc-11b4-159c-1984-000000001d6c,2026-04-12,present
00009c49-a031-a419-a801-00000000abe9,00001d07-20ef-24d7-28bf-000000002ca7,00000dcc-11b4-159c-1984-000000001d6c,2026-04-19,present
00009c50-a038-a420-a808-00000000abf0,00001d07-20ef-24d7-28bf-000000002ca7,00000dcc-11b4-159c-1984-000000001d6c,2026-04-26,absent
00009c57-a03f-a427-a80f-00000000abf7,00001d07-20ef-24d7-28bf-000000002ca7,00000dcc-11b4-159c-1984-000000001d6c,2026-05-03,present
00009c5e-a046-a42e-a816-00000000abfe,00001d07-20ef-24d7-28bf-000000002ca7,00000dcc-11b4-159c-1984-000000001d6c,2026-05-10,present
00009c65-a04d-a435-a81d-00000000ac05,00001d07-20ef-24d7-28bf-000000002ca7,00000dcc-11b4-159c-1984-000000001d6c,2026-05-17,present
00009c6c-a054-a43c-a824-00000000ac0c,00001d07-20ef-24d7-28bf-000000002ca7,00000dcc-11b4-159c-1984-000000001d6c,2026-05-24,present
00009c73-a05b-a443-a82b-00000000ac13,00001d0e-20f6-24de-28c6-000000002cae,00000dd3-11bb-15a3-198b-000000001d73,2026-03-11,present
00009c7a-a062-a44a-a832-00000000ac1a,00001d0e-20f6-24de-28c6-000000002cae,00000dd3-11bb-15a3-198b-000000001d73,2026-03-18,present
00009c81-a069-a451-a839-00000000ac21,00001d0e-20f6-24de-28c6-000000002cae,00000dd3-11bb-15a3-198b-000000001d73,2026-03-25,present
00009c88-a070-a458-a840-00000000ac28,00001d0e-20f6-24de-28c6-000000002cae,00000dd3-11bb-15a3-198b-000000001d73,2026-04-01,present
00009c8f-a077-a45f-a847-00000000ac2f,00001d0e-20f6-24de-28c6-000000002cae,00000dd3-11bb-15a3-198b-000000001d73,2026-04-08,absent
00009c96-a07e-a466-a84e-00000000ac36,00001d0e-20f6-24de-28c6-000000002cae,00000dd3-11bb-15a3-198b-000000001d73,2026-04-15,present
00009c9d-a085-a46d-a855-00000000ac3d,00001d0e-20f6-24de-28c6-000000002cae,00000dd3-11bb-15a3-198b-000000001d73,2026-04-22,present
00009ca4-a08c-a474-a85c-00000000ac44,00001d0e-20f6-24de-28c6-000000002cae,00000dd3-11bb-15a3-198b-000000001d73,2026-04-29,present
00009cab-a093-a47b-a863-00000000ac4b,00001d0e-20f6-24de-28c6-000000002cae,00000dd3-11bb-15a3-198b-000000001d73,2026-05-06,present
00009cb2-a09a-a482-a86a-00000000ac52,00001d0e-20f6-24de-28c6-000000002cae,00000dd3-11bb-15a3-198b-000000001d73,2026-05-13,present
00009cb9-a0a1-a489-a871-00000000ac59,00001d0e-20f6-24de-28c6-000000002cae,00000dd3-11bb-15a3-198b-000000001d73,2026-05-20,present
00009cc0-a0a8-a490-a878-00000000ac60,00001d0e-20f6-24de-28c6-000000002cae,00000dd3-11bb-15a3-198b-000000001d73,2026-05-27,present
00009cc7-a0af-a497-a87f-00000000ac67,00001d15-20fd-24e5-28cd-000000002cb5,00000dd3-11bb-15a3-198b-000000001d73,2026-03-11,present
00009cce-a0b6-a49e-a886-00000000ac6e,00001d15-20fd-24e5-28cd-000000002cb5,00000dd3-11bb-15a3-198b-000000001d73,2026-03-18,present
00009cd5-a0bd-a4a5-a88d-00000000ac75,00001d15-20fd-24e5-28cd-000000002cb5,00000dd3-11bb-15a3-198b-000000001d73,2026-03-25,present
00009cdc-a0c4-a4ac-a894-00000000ac7c,00001d15-20fd-24e5-28cd-000000002cb5,00000dd3-11bb-15a3-198b-000000001d73,2026-04-01,present
00009ce3-a0cb-a4b3-a89b-00000000ac83,00001d15-20fd-24e5-28cd-000000002cb5,00000dd3-11bb-15a3-198b-000000001d73,2026-04-08,present
00009cea-a0d2-a4ba-a8a2-00000000ac8a,00001d15-20fd-24e5-28cd-000000002cb5,00000dd3-11bb-15a3-198b-000000001d73,2026-04-15,present
00009cf1-a0d9-a4c1-a8a9-00000000ac91,00001d15-20fd-24e5-28cd-000000002cb5,00000dd3-11bb-15a3-198b-000000001d73,2026-04-22,present
00009cf8-a0e0-a4c8-a8b0-00000000ac98,00001d15-20fd-24e5-28cd-000000002cb5,00000dd3-11bb-15a3-198b-000000001d73,2026-04-29,late
00009cff-a0e7-a4cf-a8b7-00000000ac9f,00001d15-20fd-24e5-28cd-000000002cb5,00000dd3-11bb-15a3-198b-000000001d73,2026-05-06,present
00009d06-a0ee-a4d6-a8be-00000000aca6,00001d15-20fd-24e5-28cd-000000002cb5,00000dd3-11bb-15a3-198b-000000001d73,2026-05-13,present
00009d0d-a0f5-a4dd-a8c5-00000000acad,00001d15-20fd-24e5-28cd-000000002cb5,00000dd3-11bb-15a3-198b-000000001d73,2026-05-20,late
00009d14-a0fc-a4e4-a8cc-00000000acb4,00001d15-20fd-24e5-28cd-000000002cb5,00000dd3-11bb-15a3-198b-000000001d73,2026-05-27,present
00009d1b-a103-a4eb-a8d3-00000000acbb,00001d1c-2104-24ec-28d4-000000002cbc,00000dd3-11bb-15a3-198b-000000001d73,2026-03-11,present
00009d22-a10a-a4f2-a8da-00000000acc2,00001d1c-2104-24ec-28d4-000000002cbc,00000dd3-11bb-15a3-198b-000000001d73,2026-03-18,present
00009d29-a111-a4f9-a8e1-00000000acc9,00001d1c-2104-24ec-28d4-000000002cbc,00000dd3-11bb-15a3-198b-000000001d73,2026-03-25,present
00009d30-a118-a500-a8e8-00000000acd0,00001d1c-2104-24ec-28d4-000000002cbc,00000dd3-11bb-15a3-198b-000000001d73,2026-04-01,present
00009d37-a11f-a507-a8ef-00000000acd7,00001d1c-2104-24ec-28d4-000000002cbc,00000dd3-11bb-15a3-198b-000000001d73,2026-04-08,present
00009d3e-a126-a50e-a8f6-00000000acde,00001d1c-2104-24ec-28d4-000000002cbc,00000dd3-11bb-15a3-198b-000000001d73,2026-04-15,late
00009d45-a12d-a515-a8fd-00000000ace5,00001d1c-2104-24ec-28d4-000000002cbc,00000dd3-11bb-15a3-198b-000000001d73,2026-04-22,present
00009d4c-a134-a51c-a904-00000000acec,00001d1c-2104-24ec-28d4-000000002cbc,00000dd3-11bb-15a3-198b-000000001d73,2026-04-29,present
00009d53-a13b-a523-a90b-00000000acf3,00001d1c-2104-24ec-28d4-000000002cbc,00000dd3-11bb-15a3-198b-000000001d73,2026-05-06,present
00009d5a-a142-a52a-a912-00000000acfa,00001d1c-2104-24ec-28d4-000000002cbc,00000dd3-11bb-15a3-198b-000000001d73,2026-05-13,present
00009d61-a149-a531-a919-00000000ad01,00001d1c-2104-24ec-28d4-000000002cbc,00000dd3-11bb-15a3-198b-000000001d73,2026-05-20,present
00009d68-a150-a538-a920-00000000ad08,00001d1c-2104-24ec-28d4-000000002cbc,00000dd3-11bb-15a3-198b-000000001d73,2026-05-27,late
00009d6f-a157-a53f-a927-00000000ad0f,00001d23-210b-24f3-28db-000000002cc3,00000dd3-11bb-15a3-198b-000000001d73,2026-03-11,late
00009d76-a15e-a546-a92e-00000000ad16,00001d23-210b-24f3-28db-000000002cc3,00000dd3-11bb-15a3-198b-000000001d73,2026-03-18,present
00009d7d-a165-a54d-a935-00000000ad1d,00001d23-210b-24f3-28db-000000002cc3,00000dd3-11bb-15a3-198b-000000001d73,2026-03-25,present
00009d84-a16c-a554-a93c-00000000ad24,00001d23-210b-24f3-28db-000000002cc3,00000dd3-11bb-15a3-198b-000000001d73,2026-04-01,present
00009d8b-a173-a55b-a943-00000000ad2b,00001d23-210b-24f3-28db-000000002cc3,00000dd3-11bb-15a3-198b-000000001d73,2026-04-08,present
00009d92-a17a-a562-a94a-00000000ad32,00001d23-210b-24f3-28db-000000002cc3,00000dd3-11bb-15a3-198b-000000001d73,2026-04-15,present
00009d99-a181-a569-a951-00000000ad39,00001d23-210b-24f3-28db-000000002cc3,00000dd3-11bb-15a3-198b-000000001d73,2026-04-22,late
00009da0-a188-a570-a958-00000000ad40,00001d23-210b-24f3-28db-000000002cc3,00000dd3-11bb-15a3-198b-000000001d73,2026-04-29,present
00009da7-a18f-a577-a95f-00000000ad47,00001d23-210b-24f3-28db-000000002cc3,00000dd3-11bb-15a3-198b-000000001d73,2026-05-06,late
00009dae-a196-a57e-a966-00000000ad4e,00001d23-210b-24f3-28db-000000002cc3,00000dd3-11bb-15a3-198b-000000001d73,2026-05-13,late
00009db5-a19d-a585-a96d-00000000ad55,00001d23-210b-24f3-28db-000000002cc3,00000dd3-11bb-15a3-198b-000000001d73,2026-05-20,present
00009dbc-a1a4-a58c-a974-00000000ad5c,00001d23-210b-24f3-28db-000000002cc3,00000dd3-11bb-15a3-198b-000000001d73,2026-05-27,present
00009dc3-a1ab-a593-a97b-00000000ad63,00001d2a-2112-24fa-28e2-000000002cca,00000dd3-11bb-15a3-198b-000000001d73,2026-03-11,present
00009dca-a1b2-a59a-a982-00000000ad6a,00001d2a-2112-24fa-28e2-000000002cca,00000dd3-11bb-15a3-198b-000000001d73,2026-03-18,present
00009dd1-a1b9-a5a1-a989-00000000ad71,00001d2a-2112-24fa-28e2-000000002cca,00000dd3-11bb-15a3-198b-000000001d73,2026-03-25,present
00009dd8-a1c0-a5a8-a990-00000000ad78,00001d2a-2112-24fa-28e2-000000002cca,00000dd3-11bb-15a3-198b-000000001d73,2026-04-01,late
00009ddf-a1c7-a5af-a997-00000000ad7f,00001d2a-2112-24fa-28e2-000000002cca,00000dd3-11bb-15a3-198b-000000001d73,2026-04-08,present
00009de6-a1ce-a5b6-a99e-00000000ad86,00001d2a-2112-24fa-28e2-000000002cca,00000dd3-11bb-15a3-198b-000000001d73,2026-04-15,late
00009ded-a1d5-a5bd-a9a5-00000000ad8d,00001d2a-2112-24fa-28e2-000000002cca,00000dd3-11bb-15a3-198b-000000001d73,2026-04-22,absent
00009df4-a1dc-a5c4-a9ac-00000000ad94,00001d2a-2112-24fa-28e2-000000002cca,00000dd3-11bb-15a3-198b-000000001d73,2026-04-29,present
00009dfb-a1e3-a5cb-a9b3-00000000ad9b,00001d2a-2112-24fa-28e2-000000002cca,00000dd3-11bb-15a3-198b-000000001d73,2026-05-06,present
00009e02-a1ea-a5d2-a9ba-00000000ada2,00001d2a-2112-24fa-28e2-000000002cca,00000dd3-11bb-15a3-198b-000000001d73,2026-05-13,present
00009e09-a1f1-a5d9-a9c1-00000000ada9,00001d2a-2112-24fa-28e2-000000002cca,00000dd3-11bb-15a3-198b-000000001d73,2026-05-20,present
00009e10-a1f8-a5e0-a9c8-00000000adb0,00001d2a-2112-24fa-28e2-000000002cca,00000dd3-11bb-15a3-198b-000000001d73,2026-05-27,present
00009e17-a1ff-a5e7-a9cf-00000000adb7,00001d31-2119-2501-28e9-000000002cd1,00000dd3-11bb-15a3-198b-000000001d73,2026-03-11,late
00009e1e-a206-a5ee-a9d6-00000000adbe,00001d31-2119-2501-28e9-000000002cd1,00000dd3-11bb-15a3-198b-000000001d73,2026-03-18,present
00009e25-a20d-a5f5-a9dd-00000000adc5,00001d31-2119-2501-28e9-000000002cd1,00000dd3-11bb-15a3-198b-000000001d73,2026-03-25,present
00009e2c-a214-a5fc-a9e4-00000000adcc,00001d31-2119-2501-28e9-000000002cd1,00000dd3-11bb-15a3-198b-000000001d73,2026-04-01,present
00009e33-a21b-a603-a9eb-00000000add3,00001d31-2119-2501-28e9-000000002cd1,00000dd3-11bb-15a3-198b-000000001d73,2026-04-08,present
00009e3a-a222-a60a-a9f2-00000000adda,00001d31-2119-2501-28e9-000000002cd1,00000dd3-11bb-15a3-198b-000000001d73,2026-04-15,present
00009e41-a229-a611-a9f9-00000000ade1,00001d31-2119-2501-28e9-000000002cd1,00000dd3-11bb-15a3-198b-000000001d73,2026-04-22,present
00009e48-a230-a618-aa00-00000000ade8,00001d31-2119-2501-28e9-000000002cd1,00000dd3-11bb-15a3-198b-000000001d73,2026-04-29,late
00009e4f-a237-a61f-aa07-00000000adef,00001d31-2119-2501-28e9-000000002cd1,00000dd3-11bb-15a3-198b-000000001d73,2026-05-06,present
00009e56-a23e-a626-aa0e-00000000adf6,00001d31-2119-2501-28e9-000000002cd1,00000dd3-11bb-15a3-198b-000000001d73,2026-05-13,present
00009e5d-a245-a62d-aa15-00000000adfd,00001d31-2119-2501-28e9-000000002cd1,00000dd3-11bb-15a3-198b-000000001d73,2026-05-20,present
00009e64-a24c-a634-aa1c-00000000ae04,00001d31-2119-2501-28e9-000000002cd1,00000dd3-11bb-15a3-198b-000000001d73,2026-05-27,present
00009e6b-a253-a63b-aa23-00000000ae0b,00001d38-2120-2508-28f0-000000002cd8,00000dd3-11bb-15a3-198b-000000001d73,2026-03-11,present
00009e72-a25a-a642-aa2a-00000000ae12,00001d38-2120-2508-28f0-000000002cd8,00000dd3-11bb-15a3-198b-000000001d73,2026-03-18,present
00009e79-a261-a649-aa31-00000000ae19,00001d38-2120-2508-28f0-000000002cd8,00000dd3-11bb-15a3-198b-000000001d73,2026-03-25,present
00009e80-a268-a650-aa38-00000000ae20,00001d38-2120-2508-28f0-000000002cd8,00000dd3-11bb-15a3-198b-000000001d73,2026-04-01,present
00009e87-a26f-a657-aa3f-00000000ae27,00001d38-2120-2508-28f0-000000002cd8,00000dd3-11bb-15a3-198b-000000001d73,2026-04-08,late
00009e8e-a276-a65e-aa46-00000000ae2e,00001d38-2120-2508-28f0-000000002cd8,00000dd3-11bb-15a3-198b-000000001d73,2026-04-15,late
00009e95-a27d-a665-aa4d-00000000ae35,00001d38-2120-2508-28f0-000000002cd8,00000dd3-11bb-15a3-198b-000000001d73,2026-04-22,late
00009e9c-a284-a66c-aa54-00000000ae3c,00001d38-2120-2508-28f0-000000002cd8,00000dd3-11bb-15a3-198b-000000001d73,2026-04-29,present
00009ea3-a28b-a673-aa5b-00000000ae43,00001d38-2120-2508-28f0-000000002cd8,00000dd3-11bb-15a3-198b-000000001d73,2026-05-06,present
00009eaa-a292-a67a-aa62-00000000ae4a,00001d38-2120-2508-28f0-000000002cd8,00000dd3-11bb-15a3-198b-000000001d73,2026-05-13,present
00009eb1-a299-a681-aa69-00000000ae51,00001d38-2120-2508-28f0-000000002cd8,00000dd3-11bb-15a3-198b-000000001d73,2026-05-20,late
00009eb8-a2a0-a688-aa70-00000000ae58,00001d38-2120-2508-28f0-000000002cd8,00000dd3-11bb-15a3-198b-000000001d73,2026-05-27,present
00009ebf-a2a7-a68f-aa77-00000000ae5f,00001d3f-2127-250f-28f7-000000002cdf,00000dd3-11bb-15a3-198b-000000001d73,2026-03-11,present
00009ec6-a2ae-a696-aa7e-00000000ae66,00001d3f-2127-250f-28f7-000000002cdf,00000dd3-11bb-15a3-198b-000000001d73,2026-03-18,late
00009ecd-a2b5-a69d-aa85-00000000ae6d,00001d3f-2127-250f-28f7-000000002cdf,00000dd3-11bb-15a3-198b-000000001d73,2026-03-25,present
00009ed4-a2bc-a6a4-aa8c-00000000ae74,00001d3f-2127-250f-28f7-000000002cdf,00000dd3-11bb-15a3-198b-000000001d73,2026-04-01,present
00009edb-a2c3-a6ab-aa93-00000000ae7b,00001d3f-2127-250f-28f7-000000002cdf,00000dd3-11bb-15a3-198b-000000001d73,2026-04-08,present
00009ee2-a2ca-a6b2-aa9a-00000000ae82,00001d3f-2127-250f-28f7-000000002cdf,00000dd3-11bb-15a3-198b-000000001d73,2026-04-15,present
00009ee9-a2d1-a6b9-aaa1-00000000ae89,00001d3f-2127-250f-28f7-000000002cdf,00000dd3-11bb-15a3-198b-000000001d73,2026-04-22,present
00009ef0-a2d8-a6c0-aaa8-00000000ae90,00001d3f-2127-250f-28f7-000000002cdf,00000dd3-11bb-15a3-198b-000000001d73,2026-04-29,present
00009ef7-a2df-a6c7-aaaf-00000000ae97,00001d3f-2127-250f-28f7-000000002cdf,00000dd3-11bb-15a3-198b-000000001d73,2026-05-06,present
00009efe-a2e6-a6ce-aab6-00000000ae9e,00001d3f-2127-250f-28f7-000000002cdf,00000dd3-11bb-15a3-198b-000000001d73,2026-05-13,late
00009f05-a2ed-a6d5-aabd-00000000aea5,00001d3f-2127-250f-28f7-000000002cdf,00000dd3-11bb-15a3-198b-000000001d73,2026-05-20,present
00009f0c-a2f4-a6dc-aac4-00000000aeac,00001d3f-2127-250f-28f7-000000002cdf,00000dd3-11bb-15a3-198b-000000001d73,2026-05-27,present
00009f13-a2fb-a6e3-aacb-00000000aeb3,00001d46-212e-2516-28fe-000000002ce6,00000dd3-11bb-15a3-198b-000000001d73,2026-03-11,present
00009f1a-a302-a6ea-aad2-00000000aeba,00001d46-212e-2516-28fe-000000002ce6,00000dd3-11bb-15a3-198b-000000001d73,2026-03-18,present
00009f21-a309-a6f1-aad9-00000000aec1,00001d46-212e-2516-28fe-000000002ce6,00000dd3-11bb-15a3-198b-000000001d73,2026-03-25,present
00009f28-a310-a6f8-aae0-00000000aec8,00001d46-212e-2516-28fe-000000002ce6,00000dd3-11bb-15a3-198b-000000001d73,2026-04-01,present
00009f2f-a317-a6ff-aae7-00000000aecf,00001d46-212e-2516-28fe-000000002ce6,00000dd3-11bb-15a3-198b-000000001d73,2026-04-08,present
00009f36-a31e-a706-aaee-00000000aed6,00001d46-212e-2516-28fe-000000002ce6,00000dd3-11bb-15a3-198b-000000001d73,2026-04-15,present
00009f3d-a325-a70d-aaf5-00000000aedd,00001d46-212e-2516-28fe-000000002ce6,00000dd3-11bb-15a3-198b-000000001d73,2026-04-22,present
00009f44-a32c-a714-aafc-00000000aee4,00001d46-212e-2516-28fe-000000002ce6,00000dd3-11bb-15a3-198b-000000001d73,2026-04-29,present
00009f4b-a333-a71b-ab03-00000000aeeb,00001d46-212e-2516-28fe-000000002ce6,00000dd3-11bb-15a3-198b-000000001d73,2026-05-06,late
00009f52-a33a-a722-ab0a-00000000aef2,00001d46-212e-2516-28fe-000000002ce6,00000dd3-11bb-15a3-198b-000000001d73,2026-05-13,present
00009f59-a341-a729-ab11-00000000aef9,00001d46-212e-2516-28fe-000000002ce6,00000dd3-11bb-15a3-198b-000000001d73,2026-05-20,present
00009f60-a348-a730-ab18-00000000af00,00001d46-212e-2516-28fe-000000002ce6,00000dd3-11bb-15a3-198b-000000001d73,2026-05-27,late
00009f67-a34f-a737-ab1f-00000000af07,00001d4d-2135-251d-2905-000000002ced,00000dd3-11bb-15a3-198b-000000001d73,2026-03-11,present
00009f6e-a356-a73e-ab26-00000000af0e,00001d4d-2135-251d-2905-000000002ced,00000dd3-11bb-15a3-198b-000000001d73,2026-03-18,late
00009f75-a35d-a745-ab2d-00000000af15,00001d4d-2135-251d-2905-000000002ced,00000dd3-11bb-15a3-198b-000000001d73,2026-03-25,present
00009f7c-a364-a74c-ab34-00000000af1c,00001d4d-2135-251d-2905-000000002ced,00000dd3-11bb-15a3-198b-000000001d73,2026-04-01,late
00009f83-a36b-a753-ab3b-00000000af23,00001d4d-2135-251d-2905-000000002ced,00000dd3-11bb-15a3-198b-000000001d73,2026-04-08,present
00009f8a-a372-a75a-ab42-00000000af2a,00001d4d-2135-251d-2905-000000002ced,00000dd3-11bb-15a3-198b-000000001d73,2026-04-15,present
00009f91-a379-a761-ab49-00000000af31,00001d4d-2135-251d-2905-000000002ced,00000dd3-11bb-15a3-198b-000000001d73,2026-04-22,present
00009f98-a380-a768-ab50-00000000af38,00001d4d-2135-251d-2905-000000002ced,00000dd3-11bb-15a3-198b-000000001d73,2026-04-29,late
00009f9f-a387-a76f-ab57-00000000af3f,00001d4d-2135-251d-2905-000000002ced,00000dd3-11bb-15a3-198b-000000001d73,2026-05-06,present
00009fa6-a38e-a776-ab5e-00000000af46,00001d4d-2135-251d-2905-000000002ced,00000dd3-11bb-15a3-198b-000000001d73,2026-05-13,present
00009fad-a395-a77d-ab65-00000000af4d,00001d4d-2135-251d-2905-000000002ced,00000dd3-11bb-15a3-198b-000000001d73,2026-05-20,present
00009fb4-a39c-a784-ab6c-00000000af54,00001d4d-2135-251d-2905-000000002ced,00000dd3-11bb-15a3-198b-000000001d73,2026-05-27,present
00009fbb-a3a3-a78b-ab73-00000000af5b,00001d54-213c-2524-290c-000000002cf4,00000dd3-11bb-15a3-198b-000000001d73,2026-03-11,present
00009fc2-a3aa-a792-ab7a-00000000af62,00001d54-213c-2524-290c-000000002cf4,00000dd3-11bb-15a3-198b-000000001d73,2026-03-18,present
00009fc9-a3b1-a799-ab81-00000000af69,00001d54-213c-2524-290c-000000002cf4,00000dd3-11bb-15a3-198b-000000001d73,2026-03-25,present
00009fd0-a3b8-a7a0-ab88-00000000af70,00001d54-213c-2524-290c-000000002cf4,00000dd3-11bb-15a3-198b-000000001d73,2026-04-01,present
00009fd7-a3bf-a7a7-ab8f-00000000af77,00001d54-213c-2524-290c-000000002cf4,00000dd3-11bb-15a3-198b-000000001d73,2026-04-08,present
00009fde-a3c6-a7ae-ab96-00000000af7e,00001d54-213c-2524-290c-000000002cf4,00000dd3-11bb-15a3-198b-000000001d73,2026-04-15,absent
00009fe5-a3cd-a7b5-ab9d-00000000af85,00001d54-213c-2524-290c-000000002cf4,00000dd3-11bb-15a3-198b-000000001d73,2026-04-22,present
00009fec-a3d4-a7bc-aba4-00000000af8c,00001d54-213c-2524-290c-000000002cf4,00000dd3-11bb-15a3-198b-000000001d73,2026-04-29,present
00009ff3-a3db-a7c3-abab-00000000af93,00001d54-213c-2524-290c-000000002cf4,00000dd3-11bb-15a3-198b-000000001d73,2026-05-06,present
00009ffa-a3e2-a7ca-abb2-00000000af9a,00001d54-213c-2524-290c-000000002cf4,00000dd3-11bb-15a3-198b-000000001d73,2026-05-13,absent
0000a001-a3e9-a7d1-abb9-00000000afa1,00001d54-213c-2524-290c-000000002cf4,00000dd3-11bb-15a3-198b-000000001d73,2026-05-20,present
0000a008-a3f0-a7d8-abc0-00000000afa8,00001d54-213c-2524-290c-000000002cf4,00000dd3-11bb-15a3-198b-000000001d73,2026-05-27,present
0000a00f-a3f7-a7df-abc7-00000000afaf,00001d5b-2143-252b-2913-000000002cfb,00000dd3-11bb-15a3-198b-000000001d73,2026-03-11,present
0000a016-a3fe-a7e6-abce-00000000afb6,00001d5b-2143-252b-2913-000000002cfb,00000dd3-11bb-15a3-198b-000000001d73,2026-03-18,present
0000a01d-a405-a7ed-abd5-00000000afbd,00001d5b-2143-252b-2913-000000002cfb,00000dd3-11bb-15a3-198b-000000001d73,2026-03-25,late
0000a024-a40c-a7f4-abdc-00000000afc4,00001d5b-2143-252b-2913-000000002cfb,00000dd3-11bb-15a3-198b-000000001d73,2026-04-01,present
0000a02b-a413-a7fb-abe3-00000000afcb,00001d5b-2143-252b-2913-000000002cfb,00000dd3-11bb-15a3-198b-000000001d73,2026-04-08,late
0000a032-a41a-a802-abea-00000000afd2,00001d5b-2143-252b-2913-000000002cfb,00000dd3-11bb-15a3-198b-000000001d73,2026-04-15,present
0000a039-a421-a809-abf1-00000000afd9,00001d5b-2143-252b-2913-000000002cfb,00000dd3-11bb-15a3-198b-000000001d73,2026-04-22,present
0000a040-a428-a810-abf8-00000000afe0,00001d5b-2143-252b-2913-000000002cfb,00000dd3-11bb-15a3-198b-000000001d73,2026-04-29,absent
0000a047-a42f-a817-abff-00000000afe7,00001d5b-2143-252b-2913-000000002cfb,00000dd3-11bb-15a3-198b-000000001d73,2026-05-06,present
0000a04e-a436-a81e-ac06-00000000afee,00001d5b-2143-252b-2913-000000002cfb,00000dd3-11bb-15a3-198b-000000001d73,2026-05-13,present
0000a055-a43d-a825-ac0d-00000000aff5,00001d5b-2143-252b-2913-000000002cfb,00000dd3-11bb-15a3-198b-000000001d73,2026-05-20,present
0000a05c-a444-a82c-ac14-00000000affc,00001d5b-2143-252b-2913-000000002cfb,00000dd3-11bb-15a3-198b-000000001d73,2026-05-27,present
0000a063-a44b-a833-ac1b-00000000b003,00001d62-214a-2532-291a-000000002d02,00000dd3-11bb-15a3-198b-000000001d73,2026-03-11,absent
0000a06a-a452-a83a-ac22-00000000b00a,00001d62-214a-2532-291a-000000002d02,00000dd3-11bb-15a3-198b-000000001d73,2026-03-18,present
0000a071-a459-a841-ac29-00000000b011,00001d62-214a-2532-291a-000000002d02,00000dd3-11bb-15a3-198b-000000001d73,2026-03-25,present
0000a078-a460-a848-ac30-00000000b018,00001d62-214a-2532-291a-000000002d02,00000dd3-11bb-15a3-198b-000000001d73,2026-04-01,present
0000a07f-a467-a84f-ac37-00000000b01f,00001d62-214a-2532-291a-000000002d02,00000dd3-11bb-15a3-198b-000000001d73,2026-04-08,present
0000a086-a46e-a856-ac3e-00000000b026,00001d62-214a-2532-291a-000000002d02,00000dd3-11bb-15a3-198b-000000001d73,2026-04-15,present
0000a08d-a475-a85d-ac45-00000000b02d,00001d62-214a-2532-291a-000000002d02,00000dd3-11bb-15a3-198b-000000001d73,2026-04-22,present
0000a094-a47c-a864-ac4c-00000000b034,00001d62-214a-2532-291a-000000002d02,00000dd3-11bb-15a3-198b-000000001d73,2026-04-29,present
0000a09b-a483-a86b-ac53-00000000b03b,00001d62-214a-2532-291a-000000002d02,00000dd3-11bb-15a3-198b-000000001d73,2026-05-06,present
0000a0a2-a48a-a872-ac5a-00000000b042,00001d62-214a-2532-291a-000000002d02,00000dd3-11bb-15a3-198b-000000001d73,2026-05-13,present
0000a0a9-a491-a879-ac61-00000000b049,00001d62-214a-2532-291a-000000002d02,00000dd3-11bb-15a3-198b-000000001d73,2026-05-20,late
0000a0b0-a498-a880-ac68-00000000b050,00001d62-214a-2532-291a-000000002d02,00000dd3-11bb-15a3-198b-000000001d73,2026-05-27,present
0000a0b7-a49f-a887-ac6f-00000000b057,00001d69-2151-2539-2921-000000002d09,00000dd3-11bb-15a3-198b-000000001d73,2026-03-11,present
0000a0be-a4a6-a88e-ac76-00000000b05e,00001d69-2151-2539-2921-000000002d09,00000dd3-11bb-15a3-198b-000000001d73,2026-03-18,present
0000a0c5-a4ad-a895-ac7d-00000000b065,00001d69-2151-2539-2921-000000002d09,00000dd3-11bb-15a3-198b-000000001d73,2026-03-25,present
0000a0cc-a4b4-a89c-ac84-00000000b06c,00001d69-2151-2539-2921-000000002d09,00000dd3-11bb-15a3-198b-000000001d73,2026-04-01,late
0000a0d3-a4bb-a8a3-ac8b-00000000b073,00001d69-2151-2539-2921-000000002d09,00000dd3-11bb-15a3-198b-000000001d73,2026-04-08,late
0000a0da-a4c2-a8aa-ac92-00000000b07a,00001d69-2151-2539-2921-000000002d09,00000dd3-11bb-15a3-198b-000000001d73,2026-04-15,present
0000a0e1-a4c9-a8b1-ac99-00000000b081,00001d69-2151-2539-2921-000000002d09,00000dd3-11bb-15a3-198b-000000001d73,2026-04-22,present
0000a0e8-a4d0-a8b8-aca0-00000000b088,00001d69-2151-2539-2921-000000002d09,00000dd3-11bb-15a3-198b-000000001d73,2026-04-29,present
0000a0ef-a4d7-a8bf-aca7-00000000b08f,00001d69-2151-2539-2921-000000002d09,00000dd3-11bb-15a3-198b-000000001d73,2026-05-06,present
0000a0f6-a4de-a8c6-acae-00000000b096,00001d69-2151-2539-2921-000000002d09,00000dd3-11bb-15a3-198b-000000001d73,2026-05-13,present
0000a0fd-a4e5-a8cd-acb5-00000000b09d,00001d69-2151-2539-2921-000000002d09,00000dd3-11bb-15a3-198b-000000001d73,2026-05-20,present
0000a104-a4ec-a8d4-acbc-00000000b0a4,00001d69-2151-2539-2921-000000002d09,00000dd3-11bb-15a3-198b-000000001d73,2026-05-27,present
0000a10b-a4f3-a8db-acc3-00000000b0ab,00001d70-2158-2540-2928-000000002d10,00000dd3-11bb-15a3-198b-000000001d73,2026-03-11,present
0000a112-a4fa-a8e2-acca-00000000b0b2,00001d70-2158-2540-2928-000000002d10,00000dd3-11bb-15a3-198b-000000001d73,2026-03-18,present
0000a119-a501-a8e9-acd1-00000000b0b9,00001d70-2158-2540-2928-000000002d10,00000dd3-11bb-15a3-198b-000000001d73,2026-03-25,late
0000a120-a508-a8f0-acd8-00000000b0c0,00001d70-2158-2540-2928-000000002d10,00000dd3-11bb-15a3-198b-000000001d73,2026-04-01,absent
0000a127-a50f-a8f7-acdf-00000000b0c7,00001d70-2158-2540-2928-000000002d10,00000dd3-11bb-15a3-198b-000000001d73,2026-04-08,present
0000a12e-a516-a8fe-ace6-00000000b0ce,00001d70-2158-2540-2928-000000002d10,00000dd3-11bb-15a3-198b-000000001d73,2026-04-15,present
0000a135-a51d-a905-aced-00000000b0d5,00001d70-2158-2540-2928-000000002d10,00000dd3-11bb-15a3-198b-000000001d73,2026-04-22,present
0000a13c-a524-a90c-acf4-00000000b0dc,00001d70-2158-2540-2928-000000002d10,00000dd3-11bb-15a3-198b-000000001d73,2026-04-29,present
0000a143-a52b-a913-acfb-00000000b0e3,00001d70-2158-2540-2928-000000002d10,00000dd3-11bb-15a3-198b-000000001d73,2026-05-06,present
0000a14a-a532-a91a-ad02-00000000b0ea,00001d70-2158-2540-2928-000000002d10,00000dd3-11bb-15a3-198b-000000001d73,2026-05-13,present
0000a151-a539-a921-ad09-00000000b0f1,00001d70-2158-2540-2928-000000002d10,00000dd3-11bb-15a3-198b-000000001d73,2026-05-20,present
0000a158-a540-a928-ad10-00000000b0f8,00001d70-2158-2540-2928-000000002d10,00000dd3-11bb-15a3-198b-000000001d73,2026-05-27,late
0000a15f-a547-a92f-ad17-00000000b0ff,00001d77-215f-2547-292f-000000002d17,00000dd3-11bb-15a3-198b-000000001d73,2026-03-11,present
0000a166-a54e-a936-ad1e-00000000b106,00001d77-215f-2547-292f-000000002d17,00000dd3-11bb-15a3-198b-000000001d73,2026-03-18,present
0000a16d-a555-a93d-ad25-00000000b10d,00001d77-215f-2547-292f-000000002d17,00000dd3-11bb-15a3-198b-000000001d73,2026-03-25,late
0000a174-a55c-a944-ad2c-00000000b114,00001d77-215f-2547-292f-000000002d17,00000dd3-11bb-15a3-198b-000000001d73,2026-04-01,present
0000a17b-a563-a94b-ad33-00000000b11b,00001d77-215f-2547-292f-000000002d17,00000dd3-11bb-15a3-198b-000000001d73,2026-04-08,late
0000a182-a56a-a952-ad3a-00000000b122,00001d77-215f-2547-292f-000000002d17,00000dd3-11bb-15a3-198b-000000001d73,2026-04-15,present
0000a189-a571-a959-ad41-00000000b129,00001d77-215f-2547-292f-000000002d17,00000dd3-11bb-15a3-198b-000000001d73,2026-04-22,absent
0000a190-a578-a960-ad48-00000000b130,00001d77-215f-2547-292f-000000002d17,00000dd3-11bb-15a3-198b-000000001d73,2026-04-29,present
0000a197-a57f-a967-ad4f-00000000b137,00001d77-215f-2547-292f-000000002d17,00000dd3-11bb-15a3-198b-000000001d73,2026-05-06,present
0000a19e-a586-a96e-ad56-00000000b13e,00001d77-215f-2547-292f-000000002d17,00000dd3-11bb-15a3-198b-000000001d73,2026-05-13,present
0000a1a5-a58d-a975-ad5d-00000000b145,00001d77-215f-2547-292f-000000002d17,00000dd3-11bb-15a3-198b-000000001d73,2026-05-20,present
0000a1ac-a594-a97c-ad64-00000000b14c,00001d77-215f-2547-292f-000000002d17,00000dd3-11bb-15a3-198b-000000001d73,2026-05-27,present
0000a1b3-a59b-a983-ad6b-00000000b153,00001d7e-2166-254e-2936-000000002d1e,00000dd3-11bb-15a3-198b-000000001d73,2026-03-11,present
0000a1ba-a5a2-a98a-ad72-00000000b15a,00001d7e-2166-254e-2936-000000002d1e,00000dd3-11bb-15a3-198b-000000001d73,2026-03-18,late
0000a1c1-a5a9-a991-ad79-00000000b161,00001d7e-2166-254e-2936-000000002d1e,00000dd3-11bb-15a3-198b-000000001d73,2026-03-25,present
0000a1c8-a5b0-a998-ad80-00000000b168,00001d7e-2166-254e-2936-000000002d1e,00000dd3-11bb-15a3-198b-000000001d73,2026-04-01,present
0000a1cf-a5b7-a99f-ad87-00000000b16f,00001d7e-2166-254e-2936-000000002d1e,00000dd3-11bb-15a3-198b-000000001d73,2026-04-08,present
0000a1d6-a5be-a9a6-ad8e-00000000b176,00001d7e-2166-254e-2936-000000002d1e,00000dd3-11bb-15a3-198b-000000001d73,2026-04-15,late
0000a1dd-a5c5-a9ad-ad95-00000000b17d,00001d7e-2166-254e-2936-000000002d1e,00000dd3-11bb-15a3-198b-000000001d73,2026-04-22,present
0000a1e4-a5cc-a9b4-ad9c-00000000b184,00001d7e-2166-254e-2936-000000002d1e,00000dd3-11bb-15a3-198b-000000001d73,2026-04-29,present
0000a1eb-a5d3-a9bb-ada3-00000000b18b,00001d7e-2166-254e-2936-000000002d1e,00000dd3-11bb-15a3-198b-000000001d73,2026-05-06,late
0000a1f2-a5da-a9c2-adaa-00000000b192,00001d7e-2166-254e-2936-000000002d1e,00000dd3-11bb-15a3-198b-000000001d73,2026-05-13,present
0000a1f9-a5e1-a9c9-adb1-00000000b199,00001d7e-2166-254e-2936-000000002d1e,00000dd3-11bb-15a3-198b-000000001d73,2026-05-20,absent
0000a200-a5e8-a9d0-adb8-00000000b1a0,00001d7e-2166-254e-2936-000000002d1e,00000dd3-11bb-15a3-198b-000000001d73,2026-05-27,present
0000a207-a5ef-a9d7-adbf-00000000b1a7,00001d85-216d-2555-293d-000000002d25,00000dd3-11bb-15a3-198b-000000001d73,2026-03-11,present
0000a20e-a5f6-a9de-adc6-00000000b1ae,00001d85-216d-2555-293d-000000002d25,00000dd3-11bb-15a3-198b-000000001d73,2026-03-18,present
0000a215-a5fd-a9e5-adcd-00000000b1b5,00001d85-216d-2555-293d-000000002d25,00000dd3-11bb-15a3-198b-000000001d73,2026-03-25,present
0000a21c-a604-a9ec-add4-00000000b1bc,00001d85-216d-2555-293d-000000002d25,00000dd3-11bb-15a3-198b-000000001d73,2026-04-01,present
0000a223-a60b-a9f3-addb-00000000b1c3,00001d85-216d-2555-293d-000000002d25,00000dd3-11bb-15a3-198b-000000001d73,2026-04-08,present
0000a22a-a612-a9fa-ade2-00000000b1ca,00001d85-216d-2555-293d-000000002d25,00000dd3-11bb-15a3-198b-000000001d73,2026-04-15,present
0000a231-a619-aa01-ade9-00000000b1d1,00001d85-216d-2555-293d-000000002d25,00000dd3-11bb-15a3-198b-000000001d73,2026-04-22,late
0000a238-a620-aa08-adf0-00000000b1d8,00001d85-216d-2555-293d-000000002d25,00000dd3-11bb-15a3-198b-000000001d73,2026-04-29,present
0000a23f-a627-aa0f-adf7-00000000b1df,00001d85-216d-2555-293d-000000002d25,00000dd3-11bb-15a3-198b-000000001d73,2026-05-06,absent
0000a246-a62e-aa16-adfe-00000000b1e6,00001d85-216d-2555-293d-000000002d25,00000dd3-11bb-15a3-198b-000000001d73,2026-05-13,present
0000a24d-a635-aa1d-ae05-00000000b1ed,00001d85-216d-2555-293d-000000002d25,00000dd3-11bb-15a3-198b-000000001d73,2026-05-20,present
0000a254-a63c-aa24-ae0c-00000000b1f4,00001d85-216d-2555-293d-000000002d25,00000dd3-11bb-15a3-198b-000000001d73,2026-05-27,present
0000a25b-a643-aa2b-ae13-00000000b1fb,00001d8c-2174-255c-2944-000000002d2c,00000dd3-11bb-15a3-198b-000000001d73,2026-03-11,late
0000a262-a64a-aa32-ae1a-00000000b202,00001d8c-2174-255c-2944-000000002d2c,00000dd3-11bb-15a3-198b-000000001d73,2026-03-18,present
0000a269-a651-aa39-ae21-00000000b209,00001d8c-2174-255c-2944-000000002d2c,00000dd3-11bb-15a3-198b-000000001d73,2026-03-25,present
0000a270-a658-aa40-ae28-00000000b210,00001d8c-2174-255c-2944-000000002d2c,00000dd3-11bb-15a3-198b-000000001d73,2026-04-01,present
0000a277-a65f-aa47-ae2f-00000000b217,00001d8c-2174-255c-2944-000000002d2c,00000dd3-11bb-15a3-198b-000000001d73,2026-04-08,present
0000a27e-a666-aa4e-ae36-00000000b21e,00001d8c-2174-255c-2944-000000002d2c,00000dd3-11bb-15a3-198b-000000001d73,2026-04-15,present
0000a285-a66d-aa55-ae3d-00000000b225,00001d8c-2174-255c-2944-000000002d2c,00000dd3-11bb-15a3-198b-000000001d73,2026-04-22,present
0000a28c-a674-aa5c-ae44-00000000b22c,00001d8c-2174-255c-2944-000000002d2c,00000dd3-11bb-15a3-198b-000000001d73,2026-04-29,present
0000a293-a67b-aa63-ae4b-00000000b233,00001d8c-2174-255c-2944-000000002d2c,00000dd3-11bb-15a3-198b-000000001d73,2026-05-06,present
0000a29a-a682-aa6a-ae52-00000000b23a,00001d8c-2174-255c-2944-000000002d2c,00000dd3-11bb-15a3-198b-000000001d73,2026-05-13,present
0000a2a1-a689-aa71-ae59-00000000b241,00001d8c-2174-255c-2944-000000002d2c,00000dd3-11bb-15a3-198b-000000001d73,2026-05-20,present
0000a2a8-a690-aa78-ae60-00000000b248,00001d8c-2174-255c-2944-000000002d2c,00000dd3-11bb-15a3-198b-000000001d73,2026-05-27,present
0000a2af-a697-aa7f-ae67-00000000b24f,00001d93-217b-2563-294b-000000002d33,00000dd3-11bb-15a3-198b-000000001d73,2026-03-11,present
0000a2b6-a69e-aa86-ae6e-00000000b256,00001d93-217b-2563-294b-000000002d33,00000dd3-11bb-15a3-198b-000000001d73,2026-03-18,present
0000a2bd-a6a5-aa8d-ae75-00000000b25d,00001d93-217b-2563-294b-000000002d33,00000dd3-11bb-15a3-198b-000000001d73,2026-03-25,late
0000a2c4-a6ac-aa94-ae7c-00000000b264,00001d93-217b-2563-294b-000000002d33,00000dd3-11bb-15a3-198b-000000001d73,2026-04-01,present
0000a2cb-a6b3-aa9b-ae83-00000000b26b,00001d93-217b-2563-294b-000000002d33,00000dd3-11bb-15a3-198b-000000001d73,2026-04-08,present
0000a2d2-a6ba-aaa2-ae8a-00000000b272,00001d93-217b-2563-294b-000000002d33,00000dd3-11bb-15a3-198b-000000001d73,2026-04-15,present
0000a2d9-a6c1-aaa9-ae91-00000000b279,00001d93-217b-2563-294b-000000002d33,00000dd3-11bb-15a3-198b-000000001d73,2026-04-22,late
0000a2e0-a6c8-aab0-ae98-00000000b280,00001d93-217b-2563-294b-000000002d33,00000dd3-11bb-15a3-198b-000000001d73,2026-04-29,present
0000a2e7-a6cf-aab7-ae9f-00000000b287,00001d93-217b-2563-294b-000000002d33,00000dd3-11bb-15a3-198b-000000001d73,2026-05-06,present
0000a2ee-a6d6-aabe-aea6-00000000b28e,00001d93-217b-2563-294b-000000002d33,00000dd3-11bb-15a3-198b-000000001d73,2026-05-13,present
0000a2f5-a6dd-aac5-aead-00000000b295,00001d93-217b-2563-294b-000000002d33,00000dd3-11bb-15a3-198b-000000001d73,2026-05-20,present
0000a2fc-a6e4-aacc-aeb4-00000000b29c,00001d93-217b-2563-294b-000000002d33,00000dd3-11bb-15a3-198b-000000001d73,2026-05-27,present
0000a303-a6eb-aad3-aebb-00000000b2a3,00001d9a-2182-256a-2952-000000002d3a,00000dda-11c2-15aa-1992-000000001d7a,2026-03-14,present
0000a30a-a6f2-aada-aec2-00000000b2aa,00001d9a-2182-256a-2952-000000002d3a,00000dda-11c2-15aa-1992-000000001d7a,2026-03-21,late
0000a311-a6f9-aae1-aec9-00000000b2b1,00001d9a-2182-256a-2952-000000002d3a,00000dda-11c2-15aa-1992-000000001d7a,2026-03-28,present
0000a318-a700-aae8-aed0-00000000b2b8,00001d9a-2182-256a-2952-000000002d3a,00000dda-11c2-15aa-1992-000000001d7a,2026-04-04,present
0000a31f-a707-aaef-aed7-00000000b2bf,00001d9a-2182-256a-2952-000000002d3a,00000dda-11c2-15aa-1992-000000001d7a,2026-04-11,present
0000a326-a70e-aaf6-aede-00000000b2c6,00001d9a-2182-256a-2952-000000002d3a,00000dda-11c2-15aa-1992-000000001d7a,2026-04-18,present
0000a32d-a715-aafd-aee5-00000000b2cd,00001d9a-2182-256a-2952-000000002d3a,00000dda-11c2-15aa-1992-000000001d7a,2026-04-25,present
0000a334-a71c-ab04-aeec-00000000b2d4,00001d9a-2182-256a-2952-000000002d3a,00000dda-11c2-15aa-1992-000000001d7a,2026-05-02,absent
0000a33b-a723-ab0b-aef3-00000000b2db,00001d9a-2182-256a-2952-000000002d3a,00000dda-11c2-15aa-1992-000000001d7a,2026-05-09,present
0000a342-a72a-ab12-aefa-00000000b2e2,00001d9a-2182-256a-2952-000000002d3a,00000dda-11c2-15aa-1992-000000001d7a,2026-05-16,present
0000a349-a731-ab19-af01-00000000b2e9,00001d9a-2182-256a-2952-000000002d3a,00000dda-11c2-15aa-1992-000000001d7a,2026-05-23,late
0000a350-a738-ab20-af08-00000000b2f0,00001d9a-2182-256a-2952-000000002d3a,00000dda-11c2-15aa-1992-000000001d7a,2026-05-30,present
0000a357-a73f-ab27-af0f-00000000b2f7,00001da1-2189-2571-2959-000000002d41,00000dda-11c2-15aa-1992-000000001d7a,2026-03-14,present
0000a35e-a746-ab2e-af16-00000000b2fe,00001da1-2189-2571-2959-000000002d41,00000dda-11c2-15aa-1992-000000001d7a,2026-03-21,present
0000a365-a74d-ab35-af1d-00000000b305,00001da1-2189-2571-2959-000000002d41,00000dda-11c2-15aa-1992-000000001d7a,2026-03-28,late
0000a36c-a754-ab3c-af24-00000000b30c,00001da1-2189-2571-2959-000000002d41,00000dda-11c2-15aa-1992-000000001d7a,2026-04-04,present
0000a373-a75b-ab43-af2b-00000000b313,00001da1-2189-2571-2959-000000002d41,00000dda-11c2-15aa-1992-000000001d7a,2026-04-11,present
0000a37a-a762-ab4a-af32-00000000b31a,00001da1-2189-2571-2959-000000002d41,00000dda-11c2-15aa-1992-000000001d7a,2026-04-18,present
0000a381-a769-ab51-af39-00000000b321,00001da1-2189-2571-2959-000000002d41,00000dda-11c2-15aa-1992-000000001d7a,2026-04-25,present
0000a388-a770-ab58-af40-00000000b328,00001da1-2189-2571-2959-000000002d41,00000dda-11c2-15aa-1992-000000001d7a,2026-05-02,present
0000a38f-a777-ab5f-af47-00000000b32f,00001da1-2189-2571-2959-000000002d41,00000dda-11c2-15aa-1992-000000001d7a,2026-05-09,present
0000a396-a77e-ab66-af4e-00000000b336,00001da1-2189-2571-2959-000000002d41,00000dda-11c2-15aa-1992-000000001d7a,2026-05-16,present
0000a39d-a785-ab6d-af55-00000000b33d,00001da1-2189-2571-2959-000000002d41,00000dda-11c2-15aa-1992-000000001d7a,2026-05-23,present
0000a3a4-a78c-ab74-af5c-00000000b344,00001da1-2189-2571-2959-000000002d41,00000dda-11c2-15aa-1992-000000001d7a,2026-05-30,present
0000a3ab-a793-ab7b-af63-00000000b34b,00001da8-2190-2578-2960-000000002d48,00000dda-11c2-15aa-1992-000000001d7a,2026-03-14,present
0000a3b2-a79a-ab82-af6a-00000000b352,00001da8-2190-2578-2960-000000002d48,00000dda-11c2-15aa-1992-000000001d7a,2026-03-21,present
0000a3b9-a7a1-ab89-af71-00000000b359,00001da8-2190-2578-2960-000000002d48,00000dda-11c2-15aa-1992-000000001d7a,2026-03-28,late
0000a3c0-a7a8-ab90-af78-00000000b360,00001da8-2190-2578-2960-000000002d48,00000dda-11c2-15aa-1992-000000001d7a,2026-04-04,late
0000a3c7-a7af-ab97-af7f-00000000b367,00001da8-2190-2578-2960-000000002d48,00000dda-11c2-15aa-1992-000000001d7a,2026-04-11,present
0000a3ce-a7b6-ab9e-af86-00000000b36e,00001da8-2190-2578-2960-000000002d48,00000dda-11c2-15aa-1992-000000001d7a,2026-04-18,late
0000a3d5-a7bd-aba5-af8d-00000000b375,00001da8-2190-2578-2960-000000002d48,00000dda-11c2-15aa-1992-000000001d7a,2026-04-25,present
0000a3dc-a7c4-abac-af94-00000000b37c,00001da8-2190-2578-2960-000000002d48,00000dda-11c2-15aa-1992-000000001d7a,2026-05-02,present
0000a3e3-a7cb-abb3-af9b-00000000b383,00001da8-2190-2578-2960-000000002d48,00000dda-11c2-15aa-1992-000000001d7a,2026-05-09,present
0000a3ea-a7d2-abba-afa2-00000000b38a,00001da8-2190-2578-2960-000000002d48,00000dda-11c2-15aa-1992-000000001d7a,2026-05-16,present
0000a3f1-a7d9-abc1-afa9-00000000b391,00001da8-2190-2578-2960-000000002d48,00000dda-11c2-15aa-1992-000000001d7a,2026-05-23,present
0000a3f8-a7e0-abc8-afb0-00000000b398,00001da8-2190-2578-2960-000000002d48,00000dda-11c2-15aa-1992-000000001d7a,2026-05-30,present
0000a3ff-a7e7-abcf-afb7-00000000b39f,00001daf-2197-257f-2967-000000002d4f,00000dda-11c2-15aa-1992-000000001d7a,2026-03-14,present
0000a406-a7ee-abd6-afbe-00000000b3a6,00001daf-2197-257f-2967-000000002d4f,00000dda-11c2-15aa-1992-000000001d7a,2026-03-21,present
0000a40d-a7f5-abdd-afc5-00000000b3ad,00001daf-2197-257f-2967-000000002d4f,00000dda-11c2-15aa-1992-000000001d7a,2026-03-28,late
0000a414-a7fc-abe4-afcc-00000000b3b4,00001daf-2197-257f-2967-000000002d4f,00000dda-11c2-15aa-1992-000000001d7a,2026-04-04,present
0000a41b-a803-abeb-afd3-00000000b3bb,00001daf-2197-257f-2967-000000002d4f,00000dda-11c2-15aa-1992-000000001d7a,2026-04-11,present
0000a422-a80a-abf2-afda-00000000b3c2,00001daf-2197-257f-2967-000000002d4f,00000dda-11c2-15aa-1992-000000001d7a,2026-04-18,present
0000a429-a811-abf9-afe1-00000000b3c9,00001daf-2197-257f-2967-000000002d4f,00000dda-11c2-15aa-1992-000000001d7a,2026-04-25,present
0000a430-a818-ac00-afe8-00000000b3d0,00001daf-2197-257f-2967-000000002d4f,00000dda-11c2-15aa-1992-000000001d7a,2026-05-02,present
0000a437-a81f-ac07-afef-00000000b3d7,00001daf-2197-257f-2967-000000002d4f,00000dda-11c2-15aa-1992-000000001d7a,2026-05-09,present
0000a43e-a826-ac0e-aff6-00000000b3de,00001daf-2197-257f-2967-000000002d4f,00000dda-11c2-15aa-1992-000000001d7a,2026-05-16,present
0000a445-a82d-ac15-affd-00000000b3e5,00001daf-2197-257f-2967-000000002d4f,00000dda-11c2-15aa-1992-000000001d7a,2026-05-23,late
0000a44c-a834-ac1c-b004-00000000b3ec,00001daf-2197-257f-2967-000000002d4f,00000dda-11c2-15aa-1992-000000001d7a,2026-05-30,absent
0000a453-a83b-ac23-b00b-00000000b3f3,00001db6-219e-2586-296e-000000002d56,00000dda-11c2-15aa-1992-000000001d7a,2026-03-14,present
0000a45a-a842-ac2a-b012-00000000b3fa,00001db6-219e-2586-296e-000000002d56,00000dda-11c2-15aa-1992-000000001d7a,2026-03-21,present
0000a461-a849-ac31-b019-00000000b401,00001db6-219e-2586-296e-000000002d56,00000dda-11c2-15aa-1992-000000001d7a,2026-03-28,present
0000a468-a850-ac38-b020-00000000b408,00001db6-219e-2586-296e-000000002d56,00000dda-11c2-15aa-1992-000000001d7a,2026-04-04,present
0000a46f-a857-ac3f-b027-00000000b40f,00001db6-219e-2586-296e-000000002d56,00000dda-11c2-15aa-1992-000000001d7a,2026-04-11,present
0000a476-a85e-ac46-b02e-00000000b416,00001db6-219e-2586-296e-000000002d56,00000dda-11c2-15aa-1992-000000001d7a,2026-04-18,present
0000a47d-a865-ac4d-b035-00000000b41d,00001db6-219e-2586-296e-000000002d56,00000dda-11c2-15aa-1992-000000001d7a,2026-04-25,present
0000a484-a86c-ac54-b03c-00000000b424,00001db6-219e-2586-296e-000000002d56,00000dda-11c2-15aa-1992-000000001d7a,2026-05-02,late
0000a48b-a873-ac5b-b043-00000000b42b,00001db6-219e-2586-296e-000000002d56,00000dda-11c2-15aa-1992-000000001d7a,2026-05-09,present
0000a492-a87a-ac62-b04a-00000000b432,00001db6-219e-2586-296e-000000002d56,00000dda-11c2-15aa-1992-000000001d7a,2026-05-16,present
0000a499-a881-ac69-b051-00000000b439,00001db6-219e-2586-296e-000000002d56,00000dda-11c2-15aa-1992-000000001d7a,2026-05-23,present
0000a4a0-a888-ac70-b058-00000000b440,00001db6-219e-2586-296e-000000002d56,00000dda-11c2-15aa-1992-000000001d7a,2026-05-30,present
0000a4a7-a88f-ac77-b05f-00000000b447,00001dbd-21a5-258d-2975-000000002d5d,00000dda-11c2-15aa-1992-000000001d7a,2026-03-14,present
0000a4ae-a896-ac7e-b066-00000000b44e,00001dbd-21a5-258d-2975-000000002d5d,00000dda-11c2-15aa-1992-000000001d7a,2026-03-21,present
0000a4b5-a89d-ac85-b06d-00000000b455,00001dbd-21a5-258d-2975-000000002d5d,00000dda-11c2-15aa-1992-000000001d7a,2026-03-28,present
0000a4bc-a8a4-ac8c-b074-00000000b45c,00001dbd-21a5-258d-2975-000000002d5d,00000dda-11c2-15aa-1992-000000001d7a,2026-04-04,present
0000a4c3-a8ab-ac93-b07b-00000000b463,00001dbd-21a5-258d-2975-000000002d5d,00000dda-11c2-15aa-1992-000000001d7a,2026-04-11,present
0000a4ca-a8b2-ac9a-b082-00000000b46a,00001dbd-21a5-258d-2975-000000002d5d,00000dda-11c2-15aa-1992-000000001d7a,2026-04-18,present
0000a4d1-a8b9-aca1-b089-00000000b471,00001dbd-21a5-258d-2975-000000002d5d,00000dda-11c2-15aa-1992-000000001d7a,2026-04-25,present
0000a4d8-a8c0-aca8-b090-00000000b478,00001dbd-21a5-258d-2975-000000002d5d,00000dda-11c2-15aa-1992-000000001d7a,2026-05-02,present
0000a4df-a8c7-acaf-b097-00000000b47f,00001dbd-21a5-258d-2975-000000002d5d,00000dda-11c2-15aa-1992-000000001d7a,2026-05-09,present
0000a4e6-a8ce-acb6-b09e-00000000b486,00001dbd-21a5-258d-2975-000000002d5d,00000dda-11c2-15aa-1992-000000001d7a,2026-05-16,present
0000a4ed-a8d5-acbd-b0a5-00000000b48d,00001dbd-21a5-258d-2975-000000002d5d,00000dda-11c2-15aa-1992-000000001d7a,2026-05-23,present
0000a4f4-a8dc-acc4-b0ac-00000000b494,00001dbd-21a5-258d-2975-000000002d5d,00000dda-11c2-15aa-1992-000000001d7a,2026-05-30,present
0000a4fb-a8e3-accb-b0b3-00000000b49b,00001dc4-21ac-2594-297c-000000002d64,00000dda-11c2-15aa-1992-000000001d7a,2026-03-14,present
0000a502-a8ea-acd2-b0ba-00000000b4a2,00001dc4-21ac-2594-297c-000000002d64,00000dda-11c2-15aa-1992-000000001d7a,2026-03-21,absent
0000a509-a8f1-acd9-b0c1-00000000b4a9,00001dc4-21ac-2594-297c-000000002d64,00000dda-11c2-15aa-1992-000000001d7a,2026-03-28,late
0000a510-a8f8-ace0-b0c8-00000000b4b0,00001dc4-21ac-2594-297c-000000002d64,00000dda-11c2-15aa-1992-000000001d7a,2026-04-04,late
0000a517-a8ff-ace7-b0cf-00000000b4b7,00001dc4-21ac-2594-297c-000000002d64,00000dda-11c2-15aa-1992-000000001d7a,2026-04-11,present
0000a51e-a906-acee-b0d6-00000000b4be,00001dc4-21ac-2594-297c-000000002d64,00000dda-11c2-15aa-1992-000000001d7a,2026-04-18,present
0000a525-a90d-acf5-b0dd-00000000b4c5,00001dc4-21ac-2594-297c-000000002d64,00000dda-11c2-15aa-1992-000000001d7a,2026-04-25,present
0000a52c-a914-acfc-b0e4-00000000b4cc,00001dc4-21ac-2594-297c-000000002d64,00000dda-11c2-15aa-1992-000000001d7a,2026-05-02,present
0000a533-a91b-ad03-b0eb-00000000b4d3,00001dc4-21ac-2594-297c-000000002d64,00000dda-11c2-15aa-1992-000000001d7a,2026-05-09,present
0000a53a-a922-ad0a-b0f2-00000000b4da,00001dc4-21ac-2594-297c-000000002d64,00000dda-11c2-15aa-1992-000000001d7a,2026-05-16,late
0000a541-a929-ad11-b0f9-00000000b4e1,00001dc4-21ac-2594-297c-000000002d64,00000dda-11c2-15aa-1992-000000001d7a,2026-05-23,present
0000a548-a930-ad18-b100-00000000b4e8,00001dc4-21ac-2594-297c-000000002d64,00000dda-11c2-15aa-1992-000000001d7a,2026-05-30,late
0000a54f-a937-ad1f-b107-00000000b4ef,00001dcb-21b3-259b-2983-000000002d6b,00000dda-11c2-15aa-1992-000000001d7a,2026-03-14,present
0000a556-a93e-ad26-b10e-00000000b4f6,00001dcb-21b3-259b-2983-000000002d6b,00000dda-11c2-15aa-1992-000000001d7a,2026-03-21,late
0000a55d-a945-ad2d-b115-00000000b4fd,00001dcb-21b3-259b-2983-000000002d6b,00000dda-11c2-15aa-1992-000000001d7a,2026-03-28,present
0000a564-a94c-ad34-b11c-00000000b504,00001dcb-21b3-259b-2983-000000002d6b,00000dda-11c2-15aa-1992-000000001d7a,2026-04-04,present
0000a56b-a953-ad3b-b123-00000000b50b,00001dcb-21b3-259b-2983-000000002d6b,00000dda-11c2-15aa-1992-000000001d7a,2026-04-11,present
0000a572-a95a-ad42-b12a-00000000b512,00001dcb-21b3-259b-2983-000000002d6b,00000dda-11c2-15aa-1992-000000001d7a,2026-04-18,present
0000a579-a961-ad49-b131-00000000b519,00001dcb-21b3-259b-2983-000000002d6b,00000dda-11c2-15aa-1992-000000001d7a,2026-04-25,late
0000a580-a968-ad50-b138-00000000b520,00001dcb-21b3-259b-2983-000000002d6b,00000dda-11c2-15aa-1992-000000001d7a,2026-05-02,present
0000a587-a96f-ad57-b13f-00000000b527,00001dcb-21b3-259b-2983-000000002d6b,00000dda-11c2-15aa-1992-000000001d7a,2026-05-09,present
0000a58e-a976-ad5e-b146-00000000b52e,00001dcb-21b3-259b-2983-000000002d6b,00000dda-11c2-15aa-1992-000000001d7a,2026-05-16,present
0000a595-a97d-ad65-b14d-00000000b535,00001dcb-21b3-259b-2983-000000002d6b,00000dda-11c2-15aa-1992-000000001d7a,2026-05-23,present
0000a59c-a984-ad6c-b154-00000000b53c,00001dcb-21b3-259b-2983-000000002d6b,00000dda-11c2-15aa-1992-000000001d7a,2026-05-30,present
0000a5a3-a98b-ad73-b15b-00000000b543,00001dd2-21ba-25a2-298a-000000002d72,00000dda-11c2-15aa-1992-000000001d7a,2026-03-14,present
0000a5aa-a992-ad7a-b162-00000000b54a,00001dd2-21ba-25a2-298a-000000002d72,00000dda-11c2-15aa-1992-000000001d7a,2026-03-21,present
0000a5b1-a999-ad81-b169-00000000b551,00001dd2-21ba-25a2-298a-000000002d72,00000dda-11c2-15aa-1992-000000001d7a,2026-03-28,late
0000a5b8-a9a0-ad88-b170-00000000b558,00001dd2-21ba-25a2-298a-000000002d72,00000dda-11c2-15aa-1992-000000001d7a,2026-04-04,present
0000a5bf-a9a7-ad8f-b177-00000000b55f,00001dd2-21ba-25a2-298a-000000002d72,00000dda-11c2-15aa-1992-000000001d7a,2026-04-11,present
0000a5c6-a9ae-ad96-b17e-00000000b566,00001dd2-21ba-25a2-298a-000000002d72,00000dda-11c2-15aa-1992-000000001d7a,2026-04-18,present
0000a5cd-a9b5-ad9d-b185-00000000b56d,00001dd2-21ba-25a2-298a-000000002d72,00000dda-11c2-15aa-1992-000000001d7a,2026-04-25,present
0000a5d4-a9bc-ada4-b18c-00000000b574,00001dd2-21ba-25a2-298a-000000002d72,00000dda-11c2-15aa-1992-000000001d7a,2026-05-02,present
0000a5db-a9c3-adab-b193-00000000b57b,00001dd2-21ba-25a2-298a-000000002d72,00000dda-11c2-15aa-1992-000000001d7a,2026-05-09,late
0000a5e2-a9ca-adb2-b19a-00000000b582,00001dd2-21ba-25a2-298a-000000002d72,00000dda-11c2-15aa-1992-000000001d7a,2026-05-16,present
0000a5e9-a9d1-adb9-b1a1-00000000b589,00001dd2-21ba-25a2-298a-000000002d72,00000dda-11c2-15aa-1992-000000001d7a,2026-05-23,present
0000a5f0-a9d8-adc0-b1a8-00000000b590,00001dd2-21ba-25a2-298a-000000002d72,00000dda-11c2-15aa-1992-000000001d7a,2026-05-30,present
0000a5f7-a9df-adc7-b1af-00000000b597,00001dd9-21c1-25a9-2991-000000002d79,00000dda-11c2-15aa-1992-000000001d7a,2026-03-14,present
0000a5fe-a9e6-adce-b1b6-00000000b59e,00001dd9-21c1-25a9-2991-000000002d79,00000dda-11c2-15aa-1992-000000001d7a,2026-03-21,present
0000a605-a9ed-add5-b1bd-00000000b5a5,00001dd9-21c1-25a9-2991-000000002d79,00000dda-11c2-15aa-1992-000000001d7a,2026-03-28,present
0000a60c-a9f4-addc-b1c4-00000000b5ac,00001dd9-21c1-25a9-2991-000000002d79,00000dda-11c2-15aa-1992-000000001d7a,2026-04-04,present
0000a613-a9fb-ade3-b1cb-00000000b5b3,00001dd9-21c1-25a9-2991-000000002d79,00000dda-11c2-15aa-1992-000000001d7a,2026-04-11,present
0000a61a-aa02-adea-b1d2-00000000b5ba,00001dd9-21c1-25a9-2991-000000002d79,00000dda-11c2-15aa-1992-000000001d7a,2026-04-18,present
0000a621-aa09-adf1-b1d9-00000000b5c1,00001dd9-21c1-25a9-2991-000000002d79,00000dda-11c2-15aa-1992-000000001d7a,2026-04-25,present
0000a628-aa10-adf8-b1e0-00000000b5c8,00001dd9-21c1-25a9-2991-000000002d79,00000dda-11c2-15aa-1992-000000001d7a,2026-05-02,present
0000a62f-aa17-adff-b1e7-00000000b5cf,00001dd9-21c1-25a9-2991-000000002d79,00000dda-11c2-15aa-1992-000000001d7a,2026-05-09,absent
0000a636-aa1e-ae06-b1ee-00000000b5d6,00001dd9-21c1-25a9-2991-000000002d79,00000dda-11c2-15aa-1992-000000001d7a,2026-05-16,present
0000a63d-aa25-ae0d-b1f5-00000000b5dd,00001dd9-21c1-25a9-2991-000000002d79,00000dda-11c2-15aa-1992-000000001d7a,2026-05-23,present
0000a644-aa2c-ae14-b1fc-00000000b5e4,00001dd9-21c1-25a9-2991-000000002d79,00000dda-11c2-15aa-1992-000000001d7a,2026-05-30,late
0000a64b-aa33-ae1b-b203-00000000b5eb,00001de0-21c8-25b0-2998-000000002d80,00000dda-11c2-15aa-1992-000000001d7a,2026-03-14,late
0000a652-aa3a-ae22-b20a-00000000b5f2,00001de0-21c8-25b0-2998-000000002d80,00000dda-11c2-15aa-1992-000000001d7a,2026-03-21,present
0000a659-aa41-ae29-b211-00000000b5f9,00001de0-21c8-25b0-2998-000000002d80,00000dda-11c2-15aa-1992-000000001d7a,2026-03-28,absent
0000a660-aa48-ae30-b218-00000000b600,00001de0-21c8-25b0-2998-000000002d80,00000dda-11c2-15aa-1992-000000001d7a,2026-04-04,present
0000a667-aa4f-ae37-b21f-00000000b607,00001de0-21c8-25b0-2998-000000002d80,00000dda-11c2-15aa-1992-000000001d7a,2026-04-11,present
0000a66e-aa56-ae3e-b226-00000000b60e,00001de0-21c8-25b0-2998-000000002d80,00000dda-11c2-15aa-1992-000000001d7a,2026-04-18,present
0000a675-aa5d-ae45-b22d-00000000b615,00001de0-21c8-25b0-2998-000000002d80,00000dda-11c2-15aa-1992-000000001d7a,2026-04-25,present
0000a67c-aa64-ae4c-b234-00000000b61c,00001de0-21c8-25b0-2998-000000002d80,00000dda-11c2-15aa-1992-000000001d7a,2026-05-02,present
0000a683-aa6b-ae53-b23b-00000000b623,00001de0-21c8-25b0-2998-000000002d80,00000dda-11c2-15aa-1992-000000001d7a,2026-05-09,present
0000a68a-aa72-ae5a-b242-00000000b62a,00001de0-21c8-25b0-2998-000000002d80,00000dda-11c2-15aa-1992-000000001d7a,2026-05-16,present
0000a691-aa79-ae61-b249-00000000b631,00001de0-21c8-25b0-2998-000000002d80,00000dda-11c2-15aa-1992-000000001d7a,2026-05-23,present
0000a698-aa80-ae68-b250-00000000b638,00001de0-21c8-25b0-2998-000000002d80,00000dda-11c2-15aa-1992-000000001d7a,2026-05-30,present
0000a69f-aa87-ae6f-b257-00000000b63f,00001de7-21cf-25b7-299f-000000002d87,00000dda-11c2-15aa-1992-000000001d7a,2026-03-14,present
0000a6a6-aa8e-ae76-b25e-00000000b646,00001de7-21cf-25b7-299f-000000002d87,00000dda-11c2-15aa-1992-000000001d7a,2026-03-21,present
0000a6ad-aa95-ae7d-b265-00000000b64d,00001de7-21cf-25b7-299f-000000002d87,00000dda-11c2-15aa-1992-000000001d7a,2026-03-28,present
0000a6b4-aa9c-ae84-b26c-00000000b654,00001de7-21cf-25b7-299f-000000002d87,00000dda-11c2-15aa-1992-000000001d7a,2026-04-04,present
0000a6bb-aaa3-ae8b-b273-00000000b65b,00001de7-21cf-25b7-299f-000000002d87,00000dda-11c2-15aa-1992-000000001d7a,2026-04-11,present
0000a6c2-aaaa-ae92-b27a-00000000b662,00001de7-21cf-25b7-299f-000000002d87,00000dda-11c2-15aa-1992-000000001d7a,2026-04-18,present
0000a6c9-aab1-ae99-b281-00000000b669,00001de7-21cf-25b7-299f-000000002d87,00000dda-11c2-15aa-1992-000000001d7a,2026-04-25,present
0000a6d0-aab8-aea0-b288-00000000b670,00001de7-21cf-25b7-299f-000000002d87,00000dda-11c2-15aa-1992-000000001d7a,2026-05-02,late
0000a6d7-aabf-aea7-b28f-00000000b677,00001de7-21cf-25b7-299f-000000002d87,00000dda-11c2-15aa-1992-000000001d7a,2026-05-09,present
0000a6de-aac6-aeae-b296-00000000b67e,00001de7-21cf-25b7-299f-000000002d87,00000dda-11c2-15aa-1992-000000001d7a,2026-05-16,present
0000a6e5-aacd-aeb5-b29d-00000000b685,00001de7-21cf-25b7-299f-000000002d87,00000dda-11c2-15aa-1992-000000001d7a,2026-05-23,absent
0000a6ec-aad4-aebc-b2a4-00000000b68c,00001de7-21cf-25b7-299f-000000002d87,00000dda-11c2-15aa-1992-000000001d7a,2026-05-30,present
0000a6f3-aadb-aec3-b2ab-00000000b693,00001dee-21d6-25be-29a6-000000002d8e,00000dda-11c2-15aa-1992-000000001d7a,2026-03-14,late
0000a6fa-aae2-aeca-b2b2-00000000b69a,00001dee-21d6-25be-29a6-000000002d8e,00000dda-11c2-15aa-1992-000000001d7a,2026-03-21,present
0000a701-aae9-aed1-b2b9-00000000b6a1,00001dee-21d6-25be-29a6-000000002d8e,00000dda-11c2-15aa-1992-000000001d7a,2026-03-28,late
0000a708-aaf0-aed8-b2c0-00000000b6a8,00001dee-21d6-25be-29a6-000000002d8e,00000dda-11c2-15aa-1992-000000001d7a,2026-04-04,present
0000a70f-aaf7-aedf-b2c7-00000000b6af,00001dee-21d6-25be-29a6-000000002d8e,00000dda-11c2-15aa-1992-000000001d7a,2026-04-11,present
0000a716-aafe-aee6-b2ce-00000000b6b6,00001dee-21d6-25be-29a6-000000002d8e,00000dda-11c2-15aa-1992-000000001d7a,2026-04-18,late
0000a71d-ab05-aeed-b2d5-00000000b6bd,00001dee-21d6-25be-29a6-000000002d8e,00000dda-11c2-15aa-1992-000000001d7a,2026-04-25,late
0000a724-ab0c-aef4-b2dc-00000000b6c4,00001dee-21d6-25be-29a6-000000002d8e,00000dda-11c2-15aa-1992-000000001d7a,2026-05-02,present
0000a72b-ab13-aefb-b2e3-00000000b6cb,00001dee-21d6-25be-29a6-000000002d8e,00000dda-11c2-15aa-1992-000000001d7a,2026-05-09,present
0000a732-ab1a-af02-b2ea-00000000b6d2,00001dee-21d6-25be-29a6-000000002d8e,00000dda-11c2-15aa-1992-000000001d7a,2026-05-16,present
0000a739-ab21-af09-b2f1-00000000b6d9,00001dee-21d6-25be-29a6-000000002d8e,00000dda-11c2-15aa-1992-000000001d7a,2026-05-23,present
0000a740-ab28-af10-b2f8-00000000b6e0,00001dee-21d6-25be-29a6-000000002d8e,00000dda-11c2-15aa-1992-000000001d7a,2026-05-30,present
0000a747-ab2f-af17-b2ff-00000000b6e7,00001df5-21dd-25c5-29ad-000000002d95,00000dda-11c2-15aa-1992-000000001d7a,2026-03-14,present
0000a74e-ab36-af1e-b306-00000000b6ee,00001df5-21dd-25c5-29ad-000000002d95,00000dda-11c2-15aa-1992-000000001d7a,2026-03-21,present
0000a755-ab3d-af25-b30d-00000000b6f5,00001df5-21dd-25c5-29ad-000000002d95,00000dda-11c2-15aa-1992-000000001d7a,2026-03-28,present
0000a75c-ab44-af2c-b314-00000000b6fc,00001df5-21dd-25c5-29ad-000000002d95,00000dda-11c2-15aa-1992-000000001d7a,2026-04-04,present
0000a763-ab4b-af33-b31b-00000000b703,00001df5-21dd-25c5-29ad-000000002d95,00000dda-11c2-15aa-1992-000000001d7a,2026-04-11,present
0000a76a-ab52-af3a-b322-00000000b70a,00001df5-21dd-25c5-29ad-000000002d95,00000dda-11c2-15aa-1992-000000001d7a,2026-04-18,present
0000a771-ab59-af41-b329-00000000b711,00001df5-21dd-25c5-29ad-000000002d95,00000dda-11c2-15aa-1992-000000001d7a,2026-04-25,late
0000a778-ab60-af48-b330-00000000b718,00001df5-21dd-25c5-29ad-000000002d95,00000dda-11c2-15aa-1992-000000001d7a,2026-05-02,present
0000a77f-ab67-af4f-b337-00000000b71f,00001df5-21dd-25c5-29ad-000000002d95,00000dda-11c2-15aa-1992-000000001d7a,2026-05-09,present
0000a786-ab6e-af56-b33e-00000000b726,00001df5-21dd-25c5-29ad-000000002d95,00000dda-11c2-15aa-1992-000000001d7a,2026-05-16,present
0000a78d-ab75-af5d-b345-00000000b72d,00001df5-21dd-25c5-29ad-000000002d95,00000dda-11c2-15aa-1992-000000001d7a,2026-05-23,late
0000a794-ab7c-af64-b34c-00000000b734,00001df5-21dd-25c5-29ad-000000002d95,00000dda-11c2-15aa-1992-000000001d7a,2026-05-30,present
0000a79b-ab83-af6b-b353-00000000b73b,00001dfc-21e4-25cc-29b4-000000002d9c,00000dda-11c2-15aa-1992-000000001d7a,2026-03-14,present
0000a7a2-ab8a-af72-b35a-00000000b742,00001dfc-21e4-25cc-29b4-000000002d9c,00000dda-11c2-15aa-1992-000000001d7a,2026-03-21,present
0000a7a9-ab91-af79-b361-00000000b749,00001dfc-21e4-25cc-29b4-000000002d9c,00000dda-11c2-15aa-1992-000000001d7a,2026-03-28,present
0000a7b0-ab98-af80-b368-00000000b750,00001dfc-21e4-25cc-29b4-000000002d9c,00000dda-11c2-15aa-1992-000000001d7a,2026-04-04,present
0000a7b7-ab9f-af87-b36f-00000000b757,00001dfc-21e4-25cc-29b4-000000002d9c,00000dda-11c2-15aa-1992-000000001d7a,2026-04-11,present
0000a7be-aba6-af8e-b376-00000000b75e,00001dfc-21e4-25cc-29b4-000000002d9c,00000dda-11c2-15aa-1992-000000001d7a,2026-04-18,present
0000a7c5-abad-af95-b37d-00000000b765,00001dfc-21e4-25cc-29b4-000000002d9c,00000dda-11c2-15aa-1992-000000001d7a,2026-04-25,present
0000a7cc-abb4-af9c-b384-00000000b76c,00001dfc-21e4-25cc-29b4-000000002d9c,00000dda-11c2-15aa-1992-000000001d7a,2026-05-02,present
0000a7d3-abbb-afa3-b38b-00000000b773,00001dfc-21e4-25cc-29b4-000000002d9c,00000dda-11c2-15aa-1992-000000001d7a,2026-05-09,present
0000a7da-abc2-afaa-b392-00000000b77a,00001dfc-21e4-25cc-29b4-000000002d9c,00000dda-11c2-15aa-1992-000000001d7a,2026-05-16,present
0000a7e1-abc9-afb1-b399-00000000b781,00001dfc-21e4-25cc-29b4-000000002d9c,00000dda-11c2-15aa-1992-000000001d7a,2026-05-23,present
0000a7e8-abd0-afb8-b3a0-00000000b788,00001dfc-21e4-25cc-29b4-000000002d9c,00000dda-11c2-15aa-1992-000000001d7a,2026-05-30,present
0000a7ef-abd7-afbf-b3a7-00000000b78f,00001e03-21eb-25d3-29bb-000000002da3,00000dda-11c2-15aa-1992-000000001d7a,2026-03-14,present
0000a7f6-abde-afc6-b3ae-00000000b796,00001e03-21eb-25d3-29bb-000000002da3,00000dda-11c2-15aa-1992-000000001d7a,2026-03-21,present
0000a7fd-abe5-afcd-b3b5-00000000b79d,00001e03-21eb-25d3-29bb-000000002da3,00000dda-11c2-15aa-1992-000000001d7a,2026-03-28,present
0000a804-abec-afd4-b3bc-00000000b7a4,00001e03-21eb-25d3-29bb-000000002da3,00000dda-11c2-15aa-1992-000000001d7a,2026-04-04,present
0000a80b-abf3-afdb-b3c3-00000000b7ab,00001e03-21eb-25d3-29bb-000000002da3,00000dda-11c2-15aa-1992-000000001d7a,2026-04-11,present
0000a812-abfa-afe2-b3ca-00000000b7b2,00001e03-21eb-25d3-29bb-000000002da3,00000dda-11c2-15aa-1992-000000001d7a,2026-04-18,present
0000a819-ac01-afe9-b3d1-00000000b7b9,00001e03-21eb-25d3-29bb-000000002da3,00000dda-11c2-15aa-1992-000000001d7a,2026-04-25,present
0000a820-ac08-aff0-b3d8-00000000b7c0,00001e03-21eb-25d3-29bb-000000002da3,00000dda-11c2-15aa-1992-000000001d7a,2026-05-02,present
0000a827-ac0f-aff7-b3df-00000000b7c7,00001e03-21eb-25d3-29bb-000000002da3,00000dda-11c2-15aa-1992-000000001d7a,2026-05-09,present
0000a82e-ac16-affe-b3e6-00000000b7ce,00001e03-21eb-25d3-29bb-000000002da3,00000dda-11c2-15aa-1992-000000001d7a,2026-05-16,present
0000a835-ac1d-b005-b3ed-00000000b7d5,00001e03-21eb-25d3-29bb-000000002da3,00000dda-11c2-15aa-1992-000000001d7a,2026-05-23,present
0000a83c-ac24-b00c-b3f4-00000000b7dc,00001e03-21eb-25d3-29bb-000000002da3,00000dda-11c2-15aa-1992-000000001d7a,2026-05-30,late
0000a843-ac2b-b013-b3fb-00000000b7e3,00001e0a-21f2-25da-29c2-000000002daa,00000dda-11c2-15aa-1992-000000001d7a,2026-03-14,present
0000a84a-ac32-b01a-b402-00000000b7ea,00001e0a-21f2-25da-29c2-000000002daa,00000dda-11c2-15aa-1992-000000001d7a,2026-03-21,present
0000a851-ac39-b021-b409-00000000b7f1,00001e0a-21f2-25da-29c2-000000002daa,00000dda-11c2-15aa-1992-000000001d7a,2026-03-28,present
0000a858-ac40-b028-b410-00000000b7f8,00001e0a-21f2-25da-29c2-000000002daa,00000dda-11c2-15aa-1992-000000001d7a,2026-04-04,present
0000a85f-ac47-b02f-b417-00000000b7ff,00001e0a-21f2-25da-29c2-000000002daa,00000dda-11c2-15aa-1992-000000001d7a,2026-04-11,present
0000a866-ac4e-b036-b41e-00000000b806,00001e0a-21f2-25da-29c2-000000002daa,00000dda-11c2-15aa-1992-000000001d7a,2026-04-18,present
0000a86d-ac55-b03d-b425-00000000b80d,00001e0a-21f2-25da-29c2-000000002daa,00000dda-11c2-15aa-1992-000000001d7a,2026-04-25,present
0000a874-ac5c-b044-b42c-00000000b814,00001e0a-21f2-25da-29c2-000000002daa,00000dda-11c2-15aa-1992-000000001d7a,2026-05-02,present
0000a87b-ac63-b04b-b433-00000000b81b,00001e0a-21f2-25da-29c2-000000002daa,00000dda-11c2-15aa-1992-000000001d7a,2026-05-09,present
0000a882-ac6a-b052-b43a-00000000b822,00001e0a-21f2-25da-29c2-000000002daa,00000dda-11c2-15aa-1992-000000001d7a,2026-05-16,present
0000a889-ac71-b059-b441-00000000b829,00001e0a-21f2-25da-29c2-000000002daa,00000dda-11c2-15aa-1992-000000001d7a,2026-05-23,present
0000a890-ac78-b060-b448-00000000b830,00001e0a-21f2-25da-29c2-000000002daa,00000dda-11c2-15aa-1992-000000001d7a,2026-05-30,present
0000a897-ac7f-b067-b44f-00000000b837,00001e11-21f9-25e1-29c9-000000002db1,00000dda-11c2-15aa-1992-000000001d7a,2026-03-14,present
0000a89e-ac86-b06e-b456-00000000b83e,00001e11-21f9-25e1-29c9-000000002db1,00000dda-11c2-15aa-1992-000000001d7a,2026-03-21,present
0000a8a5-ac8d-b075-b45d-00000000b845,00001e11-21f9-25e1-29c9-000000002db1,00000dda-11c2-15aa-1992-000000001d7a,2026-03-28,late
0000a8ac-ac94-b07c-b464-00000000b84c,00001e11-21f9-25e1-29c9-000000002db1,00000dda-11c2-15aa-1992-000000001d7a,2026-04-04,late
0000a8b3-ac9b-b083-b46b-00000000b853,00001e11-21f9-25e1-29c9-000000002db1,00000dda-11c2-15aa-1992-000000001d7a,2026-04-11,present
0000a8ba-aca2-b08a-b472-00000000b85a,00001e11-21f9-25e1-29c9-000000002db1,00000dda-11c2-15aa-1992-000000001d7a,2026-04-18,present
0000a8c1-aca9-b091-b479-00000000b861,00001e11-21f9-25e1-29c9-000000002db1,00000dda-11c2-15aa-1992-000000001d7a,2026-04-25,late
0000a8c8-acb0-b098-b480-00000000b868,00001e11-21f9-25e1-29c9-000000002db1,00000dda-11c2-15aa-1992-000000001d7a,2026-05-02,present
0000a8cf-acb7-b09f-b487-00000000b86f,00001e11-21f9-25e1-29c9-000000002db1,00000dda-11c2-15aa-1992-000000001d7a,2026-05-09,present
0000a8d6-acbe-b0a6-b48e-00000000b876,00001e11-21f9-25e1-29c9-000000002db1,00000dda-11c2-15aa-1992-000000001d7a,2026-05-16,present
0000a8dd-acc5-b0ad-b495-00000000b87d,00001e11-21f9-25e1-29c9-000000002db1,00000dda-11c2-15aa-1992-000000001d7a,2026-05-23,late
0000a8e4-accc-b0b4-b49c-00000000b884,00001e11-21f9-25e1-29c9-000000002db1,00000dda-11c2-15aa-1992-000000001d7a,2026-05-30,present
0000a8eb-acd3-b0bb-b4a3-00000000b88b,00001e18-2200-25e8-29d0-000000002db8,00000dda-11c2-15aa-1992-000000001d7a,2026-03-14,present
0000a8f2-acda-b0c2-b4aa-00000000b892,00001e18-2200-25e8-29d0-000000002db8,00000dda-11c2-15aa-1992-000000001d7a,2026-03-21,present
0000a8f9-ace1-b0c9-b4b1-00000000b899,00001e18-2200-25e8-29d0-000000002db8,00000dda-11c2-15aa-1992-000000001d7a,2026-03-28,present
0000a900-ace8-b0d0-b4b8-00000000b8a0,00001e18-2200-25e8-29d0-000000002db8,00000dda-11c2-15aa-1992-000000001d7a,2026-04-04,present
0000a907-acef-b0d7-b4bf-00000000b8a7,00001e18-2200-25e8-29d0-000000002db8,00000dda-11c2-15aa-1992-000000001d7a,2026-04-11,present
0000a90e-acf6-b0de-b4c6-00000000b8ae,00001e18-2200-25e8-29d0-000000002db8,00000dda-11c2-15aa-1992-000000001d7a,2026-04-18,present
0000a915-acfd-b0e5-b4cd-00000000b8b5,00001e18-2200-25e8-29d0-000000002db8,00000dda-11c2-15aa-1992-000000001d7a,2026-04-25,present
0000a91c-ad04-b0ec-b4d4-00000000b8bc,00001e18-2200-25e8-29d0-000000002db8,00000dda-11c2-15aa-1992-000000001d7a,2026-05-02,present
0000a923-ad0b-b0f3-b4db-00000000b8c3,00001e18-2200-25e8-29d0-000000002db8,00000dda-11c2-15aa-1992-000000001d7a,2026-05-09,late
0000a92a-ad12-b0fa-b4e2-00000000b8ca,00001e18-2200-25e8-29d0-000000002db8,00000dda-11c2-15aa-1992-000000001d7a,2026-05-16,present
0000a931-ad19-b101-b4e9-00000000b8d1,00001e18-2200-25e8-29d0-000000002db8,00000dda-11c2-15aa-1992-000000001d7a,2026-05-23,present
0000a938-ad20-b108-b4f0-00000000b8d8,00001e18-2200-25e8-29d0-000000002db8,00000dda-11c2-15aa-1992-000000001d7a,2026-05-30,present
0000a93f-ad27-b10f-b4f7-00000000b8df,00001e1f-2207-25ef-29d7-000000002dbf,00000dda-11c2-15aa-1992-000000001d7a,2026-03-14,present
0000a946-ad2e-b116-b4fe-00000000b8e6,00001e1f-2207-25ef-29d7-000000002dbf,00000dda-11c2-15aa-1992-000000001d7a,2026-03-21,present
0000a94d-ad35-b11d-b505-00000000b8ed,00001e1f-2207-25ef-29d7-000000002dbf,00000dda-11c2-15aa-1992-000000001d7a,2026-03-28,present
0000a954-ad3c-b124-b50c-00000000b8f4,00001e1f-2207-25ef-29d7-000000002dbf,00000dda-11c2-15aa-1992-000000001d7a,2026-04-04,absent
0000a95b-ad43-b12b-b513-00000000b8fb,00001e1f-2207-25ef-29d7-000000002dbf,00000dda-11c2-15aa-1992-000000001d7a,2026-04-11,present
0000a962-ad4a-b132-b51a-00000000b902,00001e1f-2207-25ef-29d7-000000002dbf,00000dda-11c2-15aa-1992-000000001d7a,2026-04-18,present
0000a969-ad51-b139-b521-00000000b909,00001e1f-2207-25ef-29d7-000000002dbf,00000dda-11c2-15aa-1992-000000001d7a,2026-04-25,present
0000a970-ad58-b140-b528-00000000b910,00001e1f-2207-25ef-29d7-000000002dbf,00000dda-11c2-15aa-1992-000000001d7a,2026-05-02,present
0000a977-ad5f-b147-b52f-00000000b917,00001e1f-2207-25ef-29d7-000000002dbf,00000dda-11c2-15aa-1992-000000001d7a,2026-05-09,present
0000a97e-ad66-b14e-b536-00000000b91e,00001e1f-2207-25ef-29d7-000000002dbf,00000dda-11c2-15aa-1992-000000001d7a,2026-05-16,absent
0000a985-ad6d-b155-b53d-00000000b925,00001e1f-2207-25ef-29d7-000000002dbf,00000dda-11c2-15aa-1992-000000001d7a,2026-05-23,late
0000a98c-ad74-b15c-b544-00000000b92c,00001e1f-2207-25ef-29d7-000000002dbf,00000dda-11c2-15aa-1992-000000001d7a,2026-05-30,late
